1024,2,10,1,0.0,853668
1024,2,10,1,10.0,828831
1024,2,10,1,20.0,820296
1024,2,10,1,30.0,838790
1024,2,10,1,40.0,857235
1024,2,10,1,50.0,831677
1024,2,10,1,60.0,849540
1024,2,10,1,70.0,840233
1024,2,10,1,80.0,832589
1024,2,10,1,90.0,856593
1024,2,10,1,100.0,845192
1024,2,10,2,0.0,1030705
1024,2,10,2,10.0,985020
1024,2,10,2,20.0,1002352
1024,2,10,2,30.0,1099733
1024,2,10,2,40.0,984890
1024,2,10,2,50.0,980502
1024,2,10,2,60.0,1096596
1024,2,10,2,70.0,1031827
1024,2,10,2,80.0,988126
1024,2,10,2,90.0,983488
1024,2,10,2,100.0,998636
1024,2,10,4,0.0,1323777
1024,2,10,4,10.0,1351919
1024,2,10,4,20.0,1288762
1024,2,10,4,30.0,1284434
1024,2,10,4,40.0,1335688
1024,2,10,4,50.0,1363560
1024,2,10,4,60.0,1332803
1024,2,10,4,70.0,1355796
1024,2,10,4,80.0,1324347
1024,2,10,4,90.0,1322534
1024,2,10,4,100.0,1286598
1024,2,10,8,0.0,1868253
1024,2,10,8,10.0,1872671
1024,2,10,8,20.0,1820074
1024,2,10,8,30.0,1758320
1024,2,10,8,40.0,1856761
1024,2,10,8,50.0,1809334
1024,2,10,8,60.0,1844288
1024,2,10,8,70.0,1951777
1024,2,10,8,80.0,1857062
1024,2,10,8,90.0,1813352
1024,2,10,8,100.0,1892056
1024,2,10,16,0.0,2600245
1024,2,10,16,10.0,2730096
1024,2,10,16,20.0,2580499
1024,2,10,16,30.0,2571763
1024,2,10,16,40.0,2652101
1024,2,10,16,50.0,2696905
1024,2,10,16,60.0,2581481
1024,2,10,16,70.0,2730296
1024,2,10,16,80.0,2629339
1024,2,10,16,90.0,2679302
1024,2,10,16,100.0,2657531
1024,2,10,32,0.0,3910056
1024,2,10,32,10.0,3969757
1024,2,10,32,20.0,4092052
1024,2,10,32,30.0,4067236
1024,2,10,32,40.0,4184624
1024,2,10,32,50.0,4043473
1024,2,10,32,60.0,4017415
1024,2,10,32,70.0,3912892
1024,2,10,32,80.0,4089137
1024,2,10,32,90.0,4139089
1024,2,10,32,100.0,4034917
1024,2,10,64,0.0,9253271
1024,2,10,64,10.0,9024859
1024,2,10,64,20.0,9123502
1024,2,10,64,30.0,8897473
1024,2,10,64,40.0,8971470
1024,2,10,64,50.0,8913483
1024,2,10,64,60.0,9328080
1024,2,10,64,70.0,9183543
1024,2,10,64,80.0,9131737
1024,2,10,64,90.0,8693407
1024,2,10,64,100.0,8948268
1024,4,10,1,0.0,851183
1024,4,10,1,10.0,839311
1024,4,10,1,20.0,830975
1024,4,10,1,30.0,846013
1024,4,10,1,40.0,850091
1024,4,10,1,50.0,823422
1024,4,10,1,60.0,854609
1024,4,10,1,70.0,877281
1024,4,10,1,80.0,826758
1024,4,10,1,90.0,844601
1024,4,10,1,100.0,826859
1024,4,10,2,0.0,1085957
1024,4,10,2,10.0,998115
1024,4,10,2,20.0,997734
1024,4,10,2,30.0,1007141
1024,4,10,2,40.0,1006840
1024,4,10,2,50.0,962158
1024,4,10,2,60.0,992645
1024,4,10,2,70.0,1004466
1024,4,10,2,80.0,1003064
1024,4,10,2,90.0,1009525
1024,4,10,2,100.0,982075
1024,4,10,4,0.0,1315692
1024,4,10,4,10.0,1300904
1024,4,10,4,20.0,1277090
1024,4,10,4,30.0,1323386
1024,4,10,4,40.0,1283061
1024,4,10,4,50.0,1274115
1024,4,10,4,60.0,1356698
1024,4,10,4,70.0,1289933
1024,4,10,4,80.0,1317174
1024,4,10,4,90.0,1282139
1024,4,10,4,100.0,1296897
1024,4,10,8,0.0,1936579
1024,4,10,8,10.0,1870006
1024,4,10,8,20.0,1783416
1024,4,10,8,30.0,1910351
1024,4,10,8,40.0,1857763
1024,4,10,8,50.0,1826185
1024,4,10,8,60.0,1867692
1024,4,10,8,70.0,1861681
1024,4,10,8,80.0,1794196
1024,4,10,8,90.0,1849659
1024,4,10,8,100.0,1850981
1024,4,10,16,0.0,2576161
1024,4,10,16,10.0,2647272
1024,4,10,16,20.0,2667891
1024,4,10,16,30.0,2583144
1024,4,10,16,40.0,2548660
1024,4,10,16,50.0,2544663
1024,4,10,16,60.0,2600516
1024,4,10,16,70.0,2543892
1024,4,10,16,80.0,2583224
1024,4,10,16,90.0,2553369
1024,4,10,16,100.0,2483630
1024,4,10,32,0.0,4067107
1024,4,10,32,10.0,3957604
1024,4,10,32,20.0,3943207
1024,4,10,32,30.0,4079560
1024,4,10,32,40.0,4022013
1024,4,10,32,50.0,3950391
1024,4,10,32,60.0,4221733
1024,4,10,32,70.0,3905408
1024,4,10,32,80.0,4148607
1024,4,10,32,90.0,4060925
1024,4,10,32,100.0,4197648
1024,4,10,64,0.0,8996517
1024,4,10,64,10.0,9051228
1024,4,10,64,20.0,8985396
1024,4,10,64,30.0,9051298
1024,4,10,64,40.0,9192959
1024,4,10,64,50.0,8954840
1024,4,10,64,60.0,9093035
1024,4,10,64,70.0,9128380
1024,4,10,64,80.0,8984154
1024,4,10,64,90.0,8756353
1024,4,10,64,100.0,8936095
1024,8,10,1,0.0,869066
1024,8,10,1,10.0,840172
1024,8,10,1,20.0,854189
1024,8,10,1,30.0,843208
1024,8,10,1,40.0,812832
1024,8,10,1,50.0,885116
1024,8,10,1,60.0,858176
1024,8,10,1,70.0,853507
1024,8,10,1,80.0,833110
1024,8,10,1,90.0,816279
1024,8,10,1,100.0,822079
1024,8,10,2,0.0,1017130
1024,8,10,2,10.0,967718
1024,8,10,2,20.0,993706
1024,8,10,2,30.0,987675
1024,8,10,2,40.0,1021257
1024,8,10,2,50.0,998315
1024,8,10,2,60.0,1018563
1024,8,10,2,70.0,978328
1024,8,10,2,80.0,1007332
1024,8,10,2,90.0,980181
1024,8,10,2,100.0,979901
1024,8,10,4,0.0,1373849
1024,8,10,4,10.0,1336460
1024,8,10,4,20.0,1335388
1024,8,10,4,30.0,1296696
1024,8,10,4,40.0,1331931
1024,8,10,4,50.0,1254970
1024,8,10,4,60.0,1326321
1024,8,10,4,70.0,1302637
1024,8,10,4,80.0,1288201
1024,8,10,4,90.0,1284854
1024,8,10,4,100.0,1346468
1024,8,10,8,0.0,1892207
1024,8,10,8,10.0,1923104
1024,8,10,8,20.0,1768277
1024,8,10,8,30.0,1860369
1024,8,10,8,40.0,1887628
1024,8,10,8,50.0,1790840
1024,8,10,8,60.0,1907075
1024,8,10,8,70.0,1880625
1024,8,10,8,80.0,1885734
1024,8,10,8,90.0,1827928
1024,8,10,8,100.0,1976062
1024,8,10,16,0.0,2577053
1024,8,10,16,10.0,2688889
1024,8,10,16,20.0,2471959
1024,8,10,16,30.0,2514067
1024,8,10,16,40.0,2521850
1024,8,10,16,50.0,2668141
1024,8,10,16,60.0,2719556
1024,8,10,16,70.0,2633667
1024,8,10,16,80.0,2665436
1024,8,10,16,90.0,2619200
1024,8,10,16,100.0,2544662
1024,8,10,32,0.0,4208478
1024,8,10,32,10.0,3956663
1024,8,10,32,20.0,4213336
1024,8,10,32,30.0,4110226
1024,8,10,32,40.0,4187078
1024,8,10,32,50.0,4333479
1024,8,10,32,60.0,3878709
1024,8,10,32,70.0,3835379
1024,8,10,32,80.0,4071594
1024,8,10,32,90.0,3967874
1024,8,10,32,100.0,3913002
1024,8,10,64,0.0,9131857
1024,8,10,64,10.0,9045036
1024,8,10,64,20.0,9171309
1024,8,10,64,30.0,8848273
1024,8,10,64,40.0,9126837
1024,8,10,64,50.0,9288065
1024,8,10,64,60.0,8980978
1024,8,10,64,70.0,9071445
1024,8,10,64,80.0,8889799
1024,8,10,64,90.0,9042541
1024,8,10,64,100.0,9428425
1024,16,10,1,0.0,845362
1024,16,10,1,10.0,813694
1024,16,10,1,20.0,836867
1024,16,10,1,30.0,889203
1024,16,10,1,40.0,845272
1024,16,10,1,50.0,881178
1024,16,10,1,60.0,852986
1024,16,10,1,70.0,833010
1024,16,10,1,80.0,827008
1024,16,10,1,90.0,833621
1024,16,10,1,100.0,856984
1024,16,10,2,0.0,977376
1024,16,10,2,10.0,977997
1024,16,10,2,20.0,1040313
1024,16,10,2,30.0,985772
1024,16,10,2,40.0,989198
1024,16,10,2,50.0,1018141
1024,16,10,2,60.0,1024663
1024,16,10,2,70.0,1102358
1024,16,10,2,80.0,1008634
1024,16,10,2,90.0,993846
1024,16,10,2,100.0,982696
1024,16,10,4,0.0,1296446
1024,16,10,4,10.0,1378578
1024,16,10,4,20.0,1314008
1024,16,10,4,30.0,1339606
1024,16,10,4,40.0,1271660
1024,16,10,4,50.0,1233179
1024,16,10,4,60.0,1294322
1024,16,10,4,70.0,1300684
1024,16,10,4,80.0,1312095
1024,16,10,4,90.0,1301646
1024,16,10,4,100.0,1260770
1024,16,10,8,0.0,1843888
1024,16,10,8,10.0,1823289
1024,16,10,8,20.0,1850841
1024,16,10,8,30.0,1830463
1024,16,10,8,40.0,1863795
1024,16,10,8,50.0,1897837
1024,16,10,8,60.0,2105110
1024,16,10,8,70.0,1766335
1024,16,10,8,80.0,1773548
1024,16,10,8,90.0,1782364
1024,16,10,8,100.0,1790309
1024,16,10,16,0.0,2708205
1024,16,10,16,10.0,2604173
1024,16,10,16,20.0,2512534
1024,16,10,16,30.0,2564300
1024,16,10,16,40.0,2481917
1024,16,10,16,50.0,2480314
1024,16,10,16,60.0,2594184
1024,16,10,16,70.0,2480735
1024,16,10,16,80.0,2551445
1024,16,10,16,90.0,2881445
1024,16,10,16,100.0,2626223
1024,16,10,32,0.0,3990304
1024,16,10,32,10.0,4194852
1024,16,10,32,20.0,4024768
1024,16,10,32,30.0,3956482
1024,16,10,32,40.0,3986848
1024,16,10,32,50.0,4043904
1024,16,10,32,60.0,4120205
1024,16,10,32,70.0,4035878
1024,16,10,32,80.0,4132066
1024,16,10,32,90.0,4020610
1024,16,10,32,100.0,4172822
1024,16,10,64,0.0,9477826
1024,16,10,64,10.0,8926608
1024,16,10,64,20.0,8825951
1024,16,10,64,30.0,9132999
1024,16,10,64,40.0,8967352
1024,16,10,64,50.0,9080401
1024,16,10,64,60.0,9271876
1024,16,10,64,70.0,8857029
1024,16,10,64,80.0,9201375
1024,16,10,64,90.0,9149359
1024,16,10,64,100.0,8991337
1024,32,10,1,0.0,849791
1024,32,10,1,10.0,856503
1024,32,10,1,20.0,866120
1024,32,10,1,30.0,847266
1024,32,10,1,40.0,913739
1024,32,10,1,50.0,852475
1024,32,10,1,60.0,843168
1024,32,10,1,70.0,866231
1024,32,10,1,80.0,885827
1024,32,10,1,90.0,855501
1024,32,10,1,100.0,853637
1024,32,10,2,0.0,1001671
1024,32,10,2,10.0,1027018
1024,32,10,2,20.0,982255
1024,32,10,2,30.0,1002232
1024,32,10,2,40.0,991553
1024,32,10,2,50.0,1018011
1024,32,10,2,60.0,976826
1024,32,10,2,70.0,978048
1024,32,10,2,80.0,993456
1024,32,10,2,90.0,1022640
1024,32,10,2,100.0,985802
1024,32,10,4,0.0,1286127
1024,32,10,4,10.0,1315551
1024,32,10,4,20.0,1316392
1024,32,10,4,30.0,1291658
1024,32,10,4,40.0,1332503
1024,32,10,4,50.0,1347080
1024,32,10,4,60.0,1272812
1024,32,10,4,70.0,1269356
1024,32,10,4,80.0,1333344
1024,32,10,4,90.0,1270448
1024,32,10,4,100.0,1272682
1024,32,10,8,0.0,1804505
1024,32,10,8,10.0,1860198
1024,32,10,8,20.0,1878611
1024,32,10,8,30.0,1775220
1024,32,10,8,40.0,1763679
1024,32,10,8,50.0,1806008
1024,32,10,8,60.0,1834430
1024,32,10,8,70.0,1819432
1024,32,10,8,80.0,1822458
1024,32,10,8,90.0,1877490
1024,32,10,8,100.0,1869585
1024,32,10,16,0.0,2696593
1024,32,10,16,10.0,2596689
1024,32,10,16,20.0,2670105
1024,32,10,16,30.0,2634479
1024,32,10,16,40.0,2623308
1024,32,10,16,50.0,2753629
1024,32,10,16,60.0,2625242
1024,32,10,16,70.0,2784657
1024,32,10,16,80.0,2582863
1024,32,10,16,90.0,2555253
1024,32,10,16,100.0,2491284
1024,32,10,32,0.0,4164226
1024,32,10,32,10.0,4111849
1024,32,10,32,20.0,4052850
1024,32,10,32,30.0,3982139
1024,32,10,32,40.0,4089408
1024,32,10,32,50.0,4022354
1024,32,10,32,60.0,3861817
1024,32,10,32,70.0,4207025
1024,32,10,32,80.0,3890150
1024,32,10,32,90.0,4027703
1024,32,10,32,100.0,4055225
1024,32,10,64,0.0,9392579
1024,32,10,64,10.0,8855756
1024,32,10,64,20.0,9586166
1024,32,10,64,30.0,9152234
1024,32,10,64,40.0,9191006
1024,32,10,64,50.0,8812737
1024,32,10,64,60.0,8978103
1024,32,10,64,70.0,8933871
1024,32,10,64,80.0,9332598
1024,32,10,64,90.0,8954669
1024,32,10,64,100.0,9037432
1024,64,10,1,0.0,856252
1024,64,10,1,10.0,812632
1024,64,10,1,20.0,853387
1024,64,10,1,30.0,818873
1024,64,10,1,40.0,818223
1024,64,10,1,50.0,844520
1024,64,10,1,60.0,835033
1024,64,10,1,70.0,882260
1024,64,10,1,80.0,885496
1024,64,10,1,90.0,846134
1024,64,10,1,100.0,832789
1024,64,10,2,0.0,1026798
1024,64,10,2,10.0,1092990
1024,64,10,2,20.0,1011590
1024,64,10,2,30.0,1081970
1024,64,10,2,40.0,989278
1024,64,10,2,50.0,1016939
1024,64,10,2,60.0,999067
1024,64,10,2,70.0,1082690
1024,64,10,2,80.0,966045
1024,64,10,2,90.0,1046384
1024,64,10,2,100.0,1014806
1024,64,10,4,0.0,1348522
1024,64,10,4,10.0,1298690
1024,64,10,4,20.0,1329356
1024,64,10,4,30.0,1351227
1024,64,10,4,40.0,1408944
1024,64,10,4,50.0,1265559
1024,64,10,4,60.0,1308759
1024,64,10,4,70.0,1467983
1024,64,10,4,80.0,1307627
1024,64,10,4,90.0,1294563
1024,64,10,4,100.0,1331551
1024,64,10,8,0.0,1929576
1024,64,10,8,10.0,1912995
1024,64,10,8,20.0,1703698
1024,64,10,8,30.0,1909358
1024,64,10,8,40.0,1871529
1024,64,10,8,50.0,2011437
1024,64,10,8,60.0,1783717
1024,64,10,8,70.0,1827677
1024,64,10,8,80.0,1855609
1024,64,10,8,90.0,1835001
1024,64,10,8,100.0,1770362
1024,64,10,16,0.0,2611326
1024,64,10,16,10.0,2648524
1024,64,10,16,20.0,2769769
1024,64,10,16,30.0,2599735
1024,64,10,16,40.0,2855928
1024,64,10,16,50.0,2478491
1024,64,10,16,60.0,2797660
1024,64,10,16,70.0,2752577
1024,64,10,16,80.0,2526560
1024,64,10,16,90.0,2744131
1024,64,10,16,100.0,2618329
1024,64,10,32,0.0,4191036
1024,64,10,32,10.0,4297302
1024,64,10,32,20.0,4375386
1024,64,10,32,30.0,4041169
1024,64,10,32,40.0,3977040
1024,64,10,32,50.0,4110587
1024,64,10,32,60.0,4107161
1024,64,10,32,70.0,4088286
1024,64,10,32,80.0,3917921
1024,64,10,32,90.0,4000433
1024,64,10,32,100.0,3980106
1024,64,10,64,0.0,8876154
1024,64,10,64,10.0,9319603
1024,64,10,64,20.0,9112831
1024,64,10,64,30.0,9140603
1024,64,10,64,40.0,9114354
1024,64,10,64,50.0,9090039
1024,64,10,64,60.0,9407416
1024,64,10,64,70.0,9177752
1024,64,10,64,80.0,8986778
1024,64,10,64,90.0,9410462
1024,64,10,64,100.0,9086493
2048,2,10,1,0.0,853597
2048,2,10,1,10.0,837097
2048,2,10,1,20.0,855221
2048,2,10,1,30.0,831587
2048,2,10,1,40.0,846605
2048,2,10,1,50.0,863395
2048,2,10,1,60.0,848328
2048,2,10,1,70.0,809076
2048,2,10,1,80.0,832248
2048,2,10,1,90.0,843108
2048,2,10,1,100.0,853177
2048,2,10,2,0.0,990320
2048,2,10,2,10.0,967078
2048,2,10,2,20.0,1030495
2048,2,10,2,30.0,1144255
2048,2,10,2,40.0,1073855
2048,2,10,2,50.0,1018563
2048,2,10,2,60.0,1026657
2048,2,10,2,70.0,993937
2048,2,10,2,80.0,994828
2048,2,10,2,90.0,1006611
2048,2,10,2,100.0,996010
2048,2,10,4,0.0,1333795
2048,2,10,4,10.0,1320551
2048,2,10,4,20.0,1308980
2048,2,10,4,30.0,1352900
2048,2,10,4,40.0,1390289
2048,2,10,4,50.0,1408514
2048,2,10,4,60.0,1604125
2048,2,10,4,70.0,1331792
2048,2,10,4,80.0,1424883
2048,2,10,4,90.0,1345166
2048,2,10,4,100.0,1311704
2048,2,10,8,0.0,1986831
2048,2,10,8,10.0,1825995
2048,2,10,8,20.0,1816777
2048,2,10,8,30.0,1876478
2048,2,10,8,40.0,1826666
2048,2,10,8,50.0,1909900
2048,2,10,8,60.0,1823019
2048,2,10,8,70.0,1813021
2048,2,10,8,80.0,1827578
2048,2,10,8,90.0,1748552
2048,2,10,8,100.0,1785600
2048,2,10,16,0.0,2560583
2048,2,10,16,10.0,2573827
2048,2,10,16,20.0,2620213
2048,2,10,16,30.0,2549922
2048,2,10,16,40.0,2782072
2048,2,10,16,50.0,2594345
2048,2,10,16,60.0,2510720
2048,2,10,16,70.0,2667219
2048,2,10,16,80.0,2500381
2048,2,10,16,90.0,2555794
2048,2,10,16,100.0,2569539
2048,2,10,32,0.0,4054844
2048,2,10,32,10.0,4040087
2048,2,10,32,20.0,4000033
2048,2,10,32,30.0,3903575
2048,2,10,32,40.0,4315586
2048,2,10,32,50.0,4101330
2048,2,10,32,60.0,4190184
2048,2,10,32,70.0,3900508
2048,2,10,32,80.0,4067217
2048,2,10,32,90.0,4022895
2048,2,10,32,100.0,4093244
2048,2,10,64,0.0,9153968
2048,2,10,64,10.0,8695299
2048,2,10,64,20.0,9036912
2048,2,10,64,30.0,9208839
2048,2,10,64,40.0,9349970
2048,2,10,64,50.0,8840598
2048,2,10,64,60.0,8933100
2048,2,10,64,70.0,8968715
2048,2,10,64,80.0,9017496
2048,2,10,64,90.0,9539601
2048,2,10,64,100.0,9088536
2048,4,10,1,0.0,855160
2048,4,10,1,10.0,843429
2048,4,10,1,20.0,848118
2048,4,10,1,30.0,873875
2048,4,10,1,40.0,841836
2048,4,10,1,50.0,840904
2048,4,10,1,60.0,828772
2048,4,10,1,70.0,843138
2048,4,10,1,80.0,838750
2048,4,10,1,90.0,850261
2048,4,10,1,100.0,855151
2048,4,10,2,0.0,984289
2048,4,10,2,10.0,1015968
2048,4,10,2,20.0,1008453
2048,4,10,2,30.0,984189
2048,4,10,2,40.0,1007773
2048,4,10,2,50.0,988687
2048,4,10,2,60.0,1024644
2048,4,10,2,70.0,1002352
2048,4,10,2,80.0,1050421
2048,4,10,2,90.0,970864
2048,4,10,2,100.0,998115
2048,4,10,4,0.0,1313798
2048,4,10,4,10.0,1277060
2048,4,10,4,20.0,1471420
2048,4,10,4,30.0,1309560
2048,4,10,4,40.0,1270919
2048,4,10,4,50.0,1305443
2048,4,10,4,60.0,1340507
2048,4,10,4,70.0,1322684
2048,4,10,4,80.0,1271690
2048,4,10,4,90.0,1281008
2048,4,10,4,100.0,1291226
2048,4,10,8,0.0,1810526
2048,4,10,8,10.0,1767547
2048,4,10,8,20.0,1879754
2048,4,10,8,30.0,1890604
2048,4,10,8,40.0,1793635
2048,4,10,8,50.0,1853516
2048,4,10,8,60.0,1838778
2048,4,10,8,70.0,1775632
2048,4,10,8,80.0,1839680
2048,4,10,8,90.0,1815425
2048,4,10,8,100.0,1940386
2048,4,10,16,0.0,2772103
2048,4,10,16,10.0,2663442
2048,4,10,16,20.0,2652742
2048,4,10,16,30.0,2565371
2048,4,10,16,40.0,2680945
2048,4,10,16,50.0,2520208
2048,4,10,16,60.0,2559360
2048,4,10,16,70.0,2693458
2048,4,10,16,80.0,2746286
2048,4,10,16,90.0,2670706
2048,4,10,16,100.0,2505570
2048,4,10,32,0.0,4226492
2048,4,10,32,10.0,4019900
2048,4,10,32,20.0,4120786
2048,4,10,32,30.0,3848693
2048,4,10,32,40.0,4221302
2048,4,10,32,50.0,4153006
2048,4,10,32,60.0,3972872
2048,4,10,32,70.0,3876173
2048,4,10,32,80.0,4082555
2048,4,10,32,90.0,3998349
2048,4,10,32,100.0,3926126
2048,4,10,64,0.0,8905348
2048,4,10,64,10.0,9159909
2048,4,10,64,20.0,9269542
2048,4,10,64,30.0,8779335
2048,4,10,64,40.0,9148517
2048,4,10,64,50.0,8863841
2048,4,10,64,60.0,9008298
2048,4,10,64,70.0,8973614
2048,4,10,64,80.0,9152004
2048,4,10,64,90.0,8976199
2048,4,10,64,100.0,9032743
2048,8,10,1,0.0,878844
2048,8,10,1,10.0,898371
2048,8,10,1,20.0,860991
2048,8,10,1,30.0,845032
2048,8,10,1,40.0,842137
2048,8,10,1,50.0,837889
2048,8,10,1,60.0,852104
2048,8,10,1,70.0,845673
2048,8,10,1,80.0,846234
2048,8,10,1,90.0,832148
2048,8,10,1,100.0,856793
2048,8,10,2,0.0,986383
2048,8,10,2,10.0,1059087
2048,8,10,2,20.0,988567
2048,8,10,2,30.0,975353
2048,8,10,2,40.0,979840
2048,8,10,2,50.0,1047797
2048,8,10,2,60.0,979791
2048,8,10,2,70.0,1001792
2048,8,10,2,80.0,1016959
2048,8,10,2,90.0,1024513
2048,8,10,2,100.0,985942
2048,8,10,4,0.0,1295745
2048,8,10,4,10.0,1332122
2048,8,10,4,20.0,1325279
2048,8,10,4,30.0,1322213
2048,8,10,4,40.0,1311304
2048,8,10,4,50.0,1259678
2048,8,10,4,60.0,1252605
2048,8,10,4,70.0,1269446
2048,8,10,4,80.0,1329036
2048,8,10,4,90.0,1389358
2048,8,10,4,100.0,1326030
2048,8,10,8,0.0,1936198
2048,8,10,8,10.0,1746017
2048,8,10,8,20.0,1855018
2048,8,10,8,30.0,1920029
2048,8,10,8,40.0,1780080
2048,8,10,8,50.0,1832777
2048,8,10,8,60.0,1767226
2048,8,10,8,70.0,2052524
2048,8,10,8,80.0,1811538
2048,8,10,8,90.0,1781111
2048,8,10,8,100.0,1910471
2048,8,10,16,0.0,2655808
2048,8,10,16,10.0,2589646
2048,8,10,16,20.0,2581601
2048,8,10,16,30.0,2710830
2048,8,10,16,40.0,2708165
2048,8,10,16,50.0,2474643
2048,8,10,16,60.0,2669834
2048,8,10,16,70.0,2532230
2048,8,10,16,80.0,2518765
2048,8,10,16,90.0,2637324
2048,8,10,16,100.0,2570641
2048,8,10,32,0.0,4081233
2048,8,10,32,10.0,3943418
2048,8,10,32,20.0,3958856
2048,8,10,32,30.0,4251717
2048,8,10,32,40.0,3952945
2048,8,10,32,50.0,4139891
2048,8,10,32,60.0,4143698
2048,8,10,32,70.0,3987249
2048,8,10,32,80.0,3888347
2048,8,10,32,90.0,4053401
2048,8,10,32,100.0,4005252
2048,8,10,64,0.0,9634065
2048,8,10,64,10.0,8992228
2048,8,10,64,20.0,9279499
2048,8,10,64,30.0,9033856
2048,8,10,64,40.0,9049775
2048,8,10,64,50.0,8870704
2048,8,10,64,60.0,9333900
2048,8,10,64,70.0,8953016
2048,8,10,64,80.0,8916479
2048,8,10,64,90.0,9367302
2048,8,10,64,100.0,8970549
2048,16,10,1,0.0,834162
2048,16,10,1,10.0,841214
2048,16,10,1,20.0,870178
2048,16,10,1,30.0,858617
2048,16,10,1,40.0,827770
2048,16,10,1,50.0,857706
2048,16,10,1,60.0,827620
2048,16,10,1,70.0,841936
2048,16,10,1,80.0,857054
2048,16,10,1,90.0,858817
2048,16,10,1,100.0,888633
2048,16,10,2,0.0,995360
2048,16,10,2,10.0,969703
2048,16,10,2,20.0,1007933
2048,16,10,2,30.0,1072892
2048,16,10,2,40.0,987375
2048,16,10,2,50.0,999567
2048,16,10,2,60.0,980362
2048,16,10,2,70.0,968379
2048,16,10,2,80.0,1019824
2048,16,10,2,90.0,988567
2048,16,10,2,100.0,1000459
2048,16,10,4,0.0,1275577
2048,16,10,4,10.0,1256683
2048,16,10,4,20.0,1288551
2048,16,10,4,30.0,1287740
2048,16,10,4,40.0,1267503
2048,16,10,4,50.0,1338383
2048,16,10,4,60.0,1276569
2048,16,10,4,70.0,1378618
2048,16,10,4,80.0,1348873
2048,16,10,4,90.0,1285676
2048,16,10,4,100.0,1307336
2048,16,10,8,0.0,1766034
2048,16,10,8,10.0,1921872
2048,16,10,8,20.0,1821647
2048,16,10,8,30.0,1918756
2048,16,10,8,40.0,1941108
2048,16,10,8,50.0,1753180
2048,16,10,8,60.0,1844248
2048,16,10,8,70.0,1850711
2048,16,10,8,80.0,1792863
2048,16,10,8,90.0,1910651
2048,16,10,8,100.0,1851231
2048,16,10,16,0.0,2568978
2048,16,10,16,10.0,2742959
2048,16,10,16,20.0,2553178
2048,16,10,16,30.0,2623809
2048,16,10,16,40.0,2529525
2048,16,10,16,50.0,2503267
2048,16,10,16,60.0,2451130
2048,16,10,16,70.0,2658673
2048,16,10,16,80.0,2669353
2048,16,10,16,90.0,2787712
2048,16,10,16,100.0,2504057
2048,16,10,32,0.0,4222794
2048,16,10,32,10.0,4153606
2048,16,10,32,20.0,4275802
2048,16,10,32,30.0,4174254
2048,16,10,32,40.0,4251387
2048,16,10,32,50.0,3946944
2048,16,10,32,60.0,4084959
2048,16,10,32,70.0,3965889
2048,16,10,32,80.0,3925805
2048,16,10,32,90.0,3997458
2048,16,10,32,100.0,4320324
2048,16,10,64,0.0,9216734
2048,16,10,64,10.0,9199191
2048,16,10,64,20.0,9150481
2048,16,10,64,30.0,9178683
2048,16,10,64,40.0,9065465
2048,16,10,64,50.0,9033044
2048,16,10,64,60.0,9362002
2048,16,10,64,70.0,9366560
2048,16,10,64,80.0,9083307
2048,16,10,64,90.0,9067428
2048,16,10,64,100.0,8877747
2048,32,10,1,0.0,838489
2048,32,10,1,10.0,830094
2048,32,10,1,20.0,845533
2048,32,10,1,30.0,829303
2048,32,10,1,40.0,843719
2048,32,10,1,50.0,835635
2048,32,10,1,60.0,835124
2048,32,10,1,70.0,841936
2048,32,10,1,80.0,856714
2048,32,10,1,90.0,836556
2048,32,10,1,100.0,827690
2048,32,10,2,0.0,1025866
2048,32,10,2,10.0,995199
2048,32,10,2,20.0,1004126
2048,32,10,2,30.0,987085
2048,32,10,2,40.0,1014806
2048,32,10,2,50.0,1008294
2048,32,10,2,60.0,987936
2048,32,10,2,70.0,971716
2048,32,10,2,80.0,1024012
2048,32,10,2,90.0,981735
2048,32,10,2,100.0,975353
2048,32,10,4,0.0,1334376
2048,32,10,4,10.0,1323265
2048,32,10,4,20.0,1290084
2048,32,10,4,30.0,1283102
2048,32,10,4,40.0,1353331
2048,32,10,4,50.0,1258295
2048,32,10,4,60.0,1273173
2048,32,10,4,70.0,1247606
2048,32,10,4,80.0,1287169
2048,32,10,4,90.0,1319257
2048,32,10,4,100.0,1313598
2048,32,10,8,0.0,1777966
2048,32,10,8,10.0,1756647
2048,32,10,8,20.0,1797842
2048,32,10,8,30.0,1873412
2048,32,10,8,40.0,1814223
2048,32,10,8,50.0,1806499
2048,32,10,8,60.0,1825012
2048,32,10,8,70.0,1782244
2048,32,10,8,80.0,1823911
2048,32,10,8,90.0,1762537
2048,32,10,8,100.0,1805487
2048,32,10,16,0.0,2617076
2048,32,10,16,10.0,2653675
2048,32,10,16,20.0,2586530
2048,32,10,16,30.0,2588874
2048,32,10,16,40.0,2723434
2048,32,10,16,50.0,2755583
2048,32,10,16,60.0,2564920
2048,32,10,16,70.0,2574608
2048,32,10,16,80.0,2568227
2048,32,10,16,90.0,2621736
2048,32,10,16,100.0,2658803
2048,32,10,32,0.0,4156512
2048,32,10,32,10.0,4069200
2048,32,10,32,20.0,4300267
2048,32,10,32,30.0,4105587
2048,32,10,32,40.0,4203308
2048,32,10,32,50.0,4080371
2048,32,10,32,60.0,4371830
2048,32,10,32,70.0,4435918
2048,32,10,32,80.0,4053572
2048,32,10,32,90.0,3902543
2048,32,10,32,100.0,4101940
2048,32,10,64,0.0,9033375
2048,32,10,64,10.0,8858903
2048,32,10,64,20.0,9112541
2048,32,10,64,30.0,9044094
2048,32,10,64,40.0,8986548
2048,32,10,64,50.0,9311148
2048,32,10,64,60.0,8942015
2048,32,10,64,70.0,8938059
2048,32,10,64,80.0,9019870
2048,32,10,64,90.0,8947116
2048,32,10,64,100.0,9256968
2048,64,10,1,0.0,903279
2048,64,10,1,10.0,831127
2048,64,10,1,20.0,858457
2048,64,10,1,30.0,846004
2048,64,10,1,40.0,841996
2048,64,10,1,50.0,831287
2048,64,10,1,60.0,817531
2048,64,10,1,70.0,857875
2048,64,10,1,80.0,816519
2048,64,10,1,90.0,954524
2048,64,10,1,100.0,832489
2048,64,10,2,0.0,1010818
2048,64,10,2,10.0,976715
2048,64,10,2,20.0,995330
2048,64,10,2,30.0,972196
2048,64,10,2,40.0,1028842
2048,64,10,2,50.0,998045
2048,64,10,2,60.0,1006871
2048,64,10,2,70.0,1060180
2048,64,10,2,80.0,1000819
2048,64,10,2,90.0,995991
2048,64,10,2,100.0,1026748
2048,64,10,4,0.0,1296226
2048,64,10,4,10.0,1299571
2048,64,10,4,20.0,1325459
2048,64,10,4,30.0,1323626
2048,64,10,4,40.0,1300484
2048,64,10,4,50.0,1285786
2048,64,10,4,60.0,1292729
2048,64,10,4,70.0,1292459
2048,64,10,4,80.0,1360734
2048,64,10,4,90.0,1279746
2048,64,10,4,100.0,1342380
2048,64,10,8,0.0,1768729
2048,64,10,8,10.0,1832176
2048,64,10,8,20.0,1840312
2048,64,10,8,30.0,1848817
2048,64,10,8,40.0,1977004
2048,64,10,8,50.0,1831855
2048,64,10,8,60.0,1965372
2048,64,10,8,70.0,1844429
2048,64,10,8,80.0,1815115
2048,64,10,8,90.0,1955695
2048,64,10,8,100.0,1859467
2048,64,10,16,0.0,2715038
2048,64,10,16,10.0,2565792
2048,64,10,16,20.0,2569909
2048,64,10,16,30.0,2568537
2048,64,10,16,40.0,2810715
2048,64,10,16,50.0,2617447
2048,64,10,16,60.0,2664073
2048,64,10,16,70.0,2657772
2048,64,10,16,80.0,2786470
2048,64,10,16,90.0,2617127
2048,64,10,16,100.0,2677559
2048,64,10,32,0.0,3930624
2048,64,10,32,10.0,4118471
2048,64,10,32,20.0,4062999
2048,64,10,32,30.0,4332928
2048,64,10,32,40.0,4187679
2048,64,10,32,50.0,4036901
2048,64,10,32,60.0,4013648
2048,64,10,32,70.0,4057349
2048,64,10,32,80.0,3975838
2048,64,10,32,90.0,4617293
2048,64,10,32,100.0,4173102
2048,64,10,64,0.0,8928952
2048,64,10,64,10.0,8816153
2048,64,10,64,20.0,9306690
2048,64,10,64,30.0,8857600
2048,64,10,64,40.0,9038304
2048,64,10,64,50.0,8996537
2048,64,10,64,60.0,9049875
2048,64,10,64,70.0,9238964
2048,64,10,64,80.0,9214359
2048,64,10,64,90.0,9216553
2048,64,10,64,100.0,9151352
4096,2,10,1,0.0,847787
4096,2,10,1,10.0,839411
4096,2,10,1,20.0,866612
4096,2,10,1,30.0,842577
4096,2,10,1,40.0,835184
4096,2,10,1,50.0,826187
4096,2,10,1,60.0,837859
4096,2,10,1,70.0,843388
4096,2,10,1,80.0,829273
4096,2,10,1,90.0,871611
4096,2,10,1,100.0,848428
4096,2,10,2,0.0,996842
4096,2,10,2,10.0,1023401
4096,2,10,2,20.0,1007542
4096,2,10,2,30.0,987746
4096,2,10,2,40.0,977216
4096,2,10,2,50.0,992905
4096,2,10,2,60.0,1013292
4096,2,10,2,70.0,986363
4096,2,10,2,80.0,975943
4096,2,10,2,90.0,957009
4096,2,10,2,100.0,980762
4096,2,10,4,0.0,1295584
4096,2,10,4,10.0,1262403
4096,2,10,4,20.0,1276288
4096,2,10,4,30.0,1322564
4096,2,10,4,40.0,1288021
4096,2,10,4,50.0,1264747
4096,2,10,4,60.0,1304280
4096,2,10,4,70.0,1323386
4096,2,10,4,80.0,1289223
4096,2,10,4,90.0,1255601
4096,2,10,4,100.0,1336340
4096,2,10,8,0.0,1909720
4096,2,10,8,10.0,1950445
4096,2,10,8,20.0,1749293
4096,2,10,8,30.0,1760934
4096,2,10,8,40.0,1837155
4096,2,10,8,50.0,1889823
4096,2,10,8,60.0,1849538
4096,2,10,8,70.0,1870136
4096,2,10,8,80.0,2002691
4096,2,10,8,90.0,1891015
4096,2,10,8,100.0,1791812
4096,2,10,16,0.0,2627436
4096,2,10,16,10.0,2570751
4096,2,10,16,20.0,2599775
4096,2,10,16,30.0,2527090
4096,2,10,16,40.0,2595046
4096,2,10,16,50.0,2603322
4096,2,10,16,60.0,2566553
4096,2,10,16,70.0,2550714
4096,2,10,16,80.0,2549272
4096,2,10,16,90.0,2615584
4096,2,10,16,100.0,2466910
4096,2,10,32,0.0,4068158
4096,2,10,32,10.0,4035368
4096,2,10,32,20.0,3996637
4096,2,10,32,30.0,4244494
4096,2,10,32,40.0,4144179
4096,2,10,32,50.0,4118922
4096,2,10,32,60.0,4138399
4096,2,10,32,70.0,4202427
4096,2,10,32,80.0,3973343
4096,2,10,32,90.0,4011173
4096,2,10,32,100.0,3954509
4096,2,10,64,0.0,9431631
4096,2,10,64,10.0,9194573
4096,2,10,64,20.0,9030009
4096,2,10,64,30.0,9253362
4096,2,10,64,40.0,8981579
4096,2,10,64,50.0,9157514
4096,2,10,64,60.0,9231030
4096,2,10,64,70.0,9563264
4096,2,10,64,80.0,9178182
4096,2,10,64,90.0,8916369
4096,2,10,64,100.0,9195354
4096,4,10,1,0.0,846785
4096,4,10,1,10.0,846534
4096,4,10,1,20.0,850481
4096,4,10,1,30.0,872142
4096,4,10,1,40.0,835544
4096,4,10,1,50.0,845733
4096,4,10,1,60.0,827519
4096,4,10,1,70.0,835734
4096,4,10,1,80.0,836016
4096,4,10,1,90.0,845562
4096,4,10,1,100.0,829623
4096,4,10,2,0.0,1039872
4096,4,10,2,10.0,1024644
4096,4,10,2,20.0,977707
4096,4,10,2,30.0,1017640
4096,4,10,2,40.0,977066
4096,4,10,2,50.0,985462
4096,4,10,2,60.0,1015727
4096,4,10,2,70.0,990961
4096,4,10,2,80.0,1023281
4096,4,10,2,90.0,1003996
4096,4,10,2,100.0,1036946
4096,4,10,4,0.0,1309681
4096,4,10,4,10.0,1305713
4096,4,10,4,20.0,1370182
4096,4,10,4,30.0,1282680
4096,4,10,4,40.0,1248136
4096,4,10,4,50.0,1301125
4096,4,10,4,60.0,1381513
4096,4,10,4,70.0,1259227
4096,4,10,4,80.0,1373758
4096,4,10,4,90.0,1261772
4096,4,10,4,100.0,1293972
4096,4,10,8,0.0,1901004
4096,4,10,8,10.0,1843066
4096,4,10,8,20.0,1890214
4096,4,10,8,30.0,1811007
4096,4,10,8,40.0,1823209
4096,4,10,8,50.0,1913016
4096,4,10,8,60.0,1842244
4096,4,10,8,70.0,1786071
4096,4,10,8,80.0,1761015
4096,4,10,8,90.0,1868574
4096,4,10,8,100.0,1941247
4096,4,10,16,0.0,2764098
4096,4,10,16,10.0,2513816
4096,4,10,16,20.0,2588694
4096,4,10,16,30.0,2600316
4096,4,10,16,40.0,2501773
4096,4,10,16,50.0,2521130
4096,4,10,16,60.0,2501834
4096,4,10,16,70.0,2612949
4096,4,10,16,80.0,2675365
4096,4,10,16,90.0,2514247
4096,4,10,16,100.0,2623428
4096,4,10,32,0.0,4075192
4096,4,10,32,10.0,3929362
4096,4,10,32,20.0,4016533
4096,4,10,32,30.0,4010632
4096,4,10,32,40.0,3986938
4096,4,10,32,50.0,3996947
4096,4,10,32,60.0,4151583
4096,4,10,32,70.0,3925896
4096,4,10,32,80.0,4103964
4096,4,10,32,90.0,4032913
4096,4,10,32,100.0,4294937
4096,4,10,64,0.0,9012886
4096,4,10,64,10.0,9133901
4096,4,10,64,20.0,9044445
4096,4,10,64,30.0,9032843
4096,4,10,64,40.0,9102733
4096,4,10,64,50.0,9066335
4096,4,10,64,60.0,9361862
4096,4,10,64,70.0,8943078
4096,4,10,64,80.0,8882315
4096,4,10,64,90.0,9119865
4096,4,10,64,100.0,9233535
4096,8,10,1,0.0,840423
4096,8,10,1,10.0,828130
4096,8,10,1,20.0,834402
4096,8,10,1,30.0,854830
4096,8,10,1,40.0,862003
4096,8,10,1,50.0,873895
4096,8,10,1,60.0,840884
4096,8,10,1,70.0,852615
4096,8,10,1,80.0,838290
4096,8,10,1,90.0,852525
4096,8,10,1,100.0,839221
4096,8,10,2,0.0,1006490
4096,8,10,2,10.0,1012421
4096,8,10,2,20.0,1025355
4096,8,10,2,30.0,1029953
4096,8,10,2,40.0,1008524
4096,8,10,2,50.0,1009707
4096,8,10,2,60.0,1053587
4096,8,10,2,70.0,1025625
4096,8,10,2,80.0,1064558
4096,8,10,2,90.0,1021518
4096,8,10,2,100.0,1008012
4096,8,10,4,0.0,1290215
4096,8,10,4,10.0,1265248
4096,8,10,4,20.0,1279505
4096,8,10,4,30.0,1265689
4096,8,10,4,40.0,1354854
4096,8,10,4,50.0,1267853
4096,8,10,4,60.0,1308348
4096,8,10,4,70.0,1302537
4096,8,10,4,80.0,1275388
4096,8,10,4,90.0,1301645
4096,8,10,4,100.0,1288421
4096,8,10,8,0.0,1880265
4096,8,10,8,10.0,1774720
4096,8,10,8,20.0,1978316
4096,8,10,8,30.0,1818772
4096,8,10,8,40.0,2160473
4096,8,10,8,50.0,1933253
4096,8,10,8,60.0,1957157
4096,8,10,8,70.0,1779128
4096,8,10,8,80.0,1936769
4096,8,10,8,90.0,1841523
4096,8,10,8,100.0,1796791
4096,8,10,16,0.0,2541447
4096,8,10,16,10.0,2615263
4096,8,10,16,20.0,2580719
4096,8,10,16,30.0,2521129
4096,8,10,16,40.0,2633306
4096,8,10,16,50.0,2637825
4096,8,10,16,60.0,2673741
4096,8,10,16,70.0,2662561
4096,8,10,16,80.0,2583715
4096,8,10,16,90.0,2721119
4096,8,10,16,100.0,2513034
4096,8,10,32,0.0,3996526
4096,8,10,32,10.0,4097603
4096,8,10,32,20.0,4237802
4096,8,10,32,30.0,3998509
4096,8,10,32,40.0,4242180
4096,8,10,32,50.0,4062668
4096,8,10,32,60.0,4003098
4096,8,10,32,70.0,4046648
4096,8,10,32,80.0,4074660
4096,8,10,32,90.0,4036590
4096,8,10,32,100.0,4087124
4096,8,10,64,0.0,8978844
4096,8,10,64,10.0,9166841
4096,8,10,64,20.0,8821172
4096,8,10,64,30.0,8868279
4096,8,10,64,40.0,9384334
4096,8,10,64,50.0,8965009
4096,8,10,64,60.0,9507211
4096,8,10,64,70.0,9234416
4096,8,10,64,80.0,8861788
4096,8,10,64,90.0,8870634
4096,8,10,64,100.0,9015001
4096,16,10,1,0.0,871651
4096,16,10,1,10.0,839302
4096,16,10,1,20.0,839532
4096,16,10,1,30.0,890395
4096,16,10,1,40.0,831507
4096,16,10,1,50.0,848849
4096,16,10,1,60.0,821308
4096,16,10,1,70.0,850171
4096,16,10,1,80.0,850792
4096,16,10,1,90.0,836045
4096,16,10,1,100.0,881629
4096,16,10,2,0.0,996381
4096,16,10,2,10.0,987495
4096,16,10,2,20.0,1026397
4096,16,10,2,30.0,972006
4096,16,10,2,40.0,979911
4096,16,10,2,50.0,999427
4096,16,10,2,60.0,1001792
4096,16,10,2,70.0,1032689
4096,16,10,2,80.0,1007692
4096,16,10,2,90.0,1001181
4096,16,10,2,100.0,984550
4096,16,10,4,0.0,1304340
4096,16,10,4,10.0,1358040
4096,16,10,4,20.0,1393115
4096,16,10,4,30.0,1253968
4096,16,10,4,40.0,1387435
4096,16,10,4,50.0,1285014
4096,16,10,4,60.0,1249169
4096,16,10,4,70.0,1408503
4096,16,10,4,80.0,1262814
4096,16,10,4,90.0,1296726
4096,16,10,4,100.0,1691576
4096,16,10,8,0.0,1845460
4096,16,10,8,10.0,1865387
4096,16,10,8,20.0,1803413
4096,16,10,8,30.0,1829972
4096,16,10,8,40.0,1882269
4096,16,10,8,50.0,2039169
4096,16,10,8,60.0,1941869
4096,16,10,8,70.0,1943401
4096,16,10,8,80.0,1795478
4096,16,10,8,90.0,1830233
4096,16,10,8,100.0,1885895
4096,16,10,16,0.0,2582813
4096,16,10,16,10.0,2675244
4096,16,10,16,20.0,2534995
4096,16,10,16,30.0,2566924
4096,16,10,16,40.0,2540195
4096,16,10,16,50.0,2554391
4096,16,10,16,60.0,2599094
4096,16,10,16,70.0,2611747
4096,16,10,16,80.0,2801377
4096,16,10,16,90.0,2685864
4096,16,10,16,100.0,2594154
4096,16,10,32,0.0,4142987
4096,16,10,32,10.0,4094838
4096,16,10,32,20.0,4032382
4096,16,10,32,30.0,4123651
4096,16,10,32,40.0,4066736
4096,16,10,32,50.0,4006975
4096,16,10,32,60.0,3918572
4096,16,10,32,70.0,4120505
4096,16,10,32,80.0,4009289
4096,16,10,32,90.0,4077606
4096,16,10,32,100.0,4150560
4096,16,10,64,0.0,9101621
4096,16,10,64,10.0,9055055
4096,16,10,64,20.0,9312761
4096,16,10,64,30.0,8972953
4096,16,10,64,40.0,8964527
4096,16,10,64,50.0,8784585
4096,16,10,64,60.0,9269231
4096,16,10,64,70.0,9070273
4096,16,10,64,80.0,8904506
4096,16,10,64,90.0,9136415
4096,16,10,64,100.0,9193791
4096,32,10,1,0.0,820286
4096,32,10,1,10.0,884675
4096,32,10,1,20.0,833129
4096,32,10,1,30.0,853728
4096,32,10,1,40.0,839211
4096,32,10,1,50.0,848298
4096,32,10,1,60.0,839972
4096,32,10,1,70.0,833240
4096,32,10,1,80.0,818363
4096,32,10,1,90.0,884946
4096,32,10,1,100.0,851744
4096,32,10,2,0.0,989899
4096,32,10,2,10.0,985882
4096,32,10,2,20.0,1036336
4096,32,10,2,30.0,1013002
4096,32,10,2,40.0,998616
4096,32,10,2,50.0,983548
4096,32,10,2,60.0,998284
4096,32,10,2,70.0,992163
4096,32,10,2,80.0,1031035
4096,32,10,2,90.0,981915
4096,32,10,2,100.0,978518
4096,32,10,4,0.0,1297167
4096,32,10,4,10.0,1283372
4096,32,10,4,20.0,1278533
4096,32,10,4,30.0,1319168
4096,32,10,4,40.0,1350466
4096,32,10,4,50.0,1303990
4096,32,10,4,60.0,1314870
4096,32,10,4,70.0,1317004
4096,32,10,4,80.0,1355755
4096,32,10,4,90.0,1320140
4096,32,10,4,100.0,1370583
4096,32,10,8,0.0,1823810
4096,32,10,8,10.0,1878962
4096,32,10,8,20.0,1953731
4096,32,10,8,30.0,1826405
4096,32,10,8,40.0,1799265
4096,32,10,8,50.0,1883581
4096,32,10,8,60.0,1815706
4096,32,10,8,70.0,1959381
4096,32,10,8,80.0,1803323
4096,32,10,8,90.0,1982213
4096,32,10,8,100.0,2235762
4096,32,10,16,0.0,2656389
4096,32,10,16,10.0,2627556
4096,32,10,16,20.0,2567315
4096,32,10,16,30.0,2497035
4096,32,10,16,40.0,2637044
4096,32,10,16,50.0,2517773
4096,32,10,16,60.0,2794375
4096,32,10,16,70.0,2526960
4096,32,10,16,80.0,2548279
4096,32,10,16,90.0,2636412
4096,32,10,16,100.0,2999513
4096,32,10,32,0.0,4008037
4096,32,10,32,10.0,3989242
4096,32,10,32,20.0,4108213
4096,32,10,32,30.0,3939551
4096,32,10,32,40.0,4090780
4096,32,10,32,50.0,4230108
4096,32,10,32,60.0,4020420
4096,32,10,32,70.0,4108333
4096,32,10,32,80.0,4076855
4096,32,10,32,90.0,4003088
4096,32,10,32,100.0,3963916
4096,32,10,64,0.0,9103684
4096,32,10,64,10.0,9009701
4096,32,10,64,20.0,9415241
4096,32,10,64,30.0,9024198
4096,32,10,64,40.0,9034747
4096,32,10,64,50.0,9134922
4096,32,10,64,60.0,9118071
4096,32,10,64,70.0,9297462
4096,32,10,64,80.0,9372071
4096,32,10,64,90.0,9057389
4096,32,10,64,100.0,9033826
4096,64,10,1,0.0,871781
4096,64,10,1,10.0,853347
4096,64,10,1,20.0,840573
4096,64,10,1,30.0,802994
4096,64,10,1,40.0,866782
4096,64,10,1,50.0,867734
4096,64,10,1,60.0,843569
4096,64,10,1,70.0,842827
4096,64,10,1,80.0,827239
4096,64,10,1,90.0,814105
4096,64,10,1,100.0,822310
4096,64,10,2,0.0,1022479
4096,64,10,2,10.0,987886
4096,64,10,2,20.0,1004055
4096,64,10,2,30.0,1069927
4096,64,10,2,40.0,1044210
4096,64,10,2,50.0,1051673
4096,64,10,2,60.0,1008053
4096,64,10,2,70.0,974401
4096,64,10,2,80.0,1111804
4096,64,10,2,90.0,993276
4096,64,10,2,100.0,982937
4096,64,10,4,0.0,1324077
4096,64,10,4,10.0,1343002
4096,64,10,4,20.0,1399416
4096,64,10,4,30.0,1262604
4096,64,10,4,40.0,1289323
4096,64,10,4,50.0,1291116
4096,64,10,4,60.0,1332783
4096,64,10,4,70.0,1302337
4096,64,10,4,80.0,1309450
4096,64,10,4,90.0,1352280
4096,64,10,4,100.0,1292108
4096,64,10,8,0.0,1823179
4096,64,10,8,10.0,1819562
4096,64,10,8,20.0,1725779
4096,64,10,8,30.0,1781282
4096,64,10,8,40.0,1764331
4096,64,10,8,50.0,1796229
4096,64,10,8,60.0,2002431
4096,64,10,8,70.0,1878812
4096,64,10,8,80.0,1807340
4096,64,10,8,90.0,1800607
4096,64,10,8,100.0,1811448
4096,64,10,16,0.0,2566222
4096,64,10,16,10.0,2546927
4096,64,10,16,20.0,2641371
4096,64,10,16,30.0,2568948
4096,64,10,16,40.0,2635520
4096,64,10,16,50.0,2617016
4096,64,10,16,60.0,2627866
4096,64,10,16,70.0,2532360
4096,64,10,16,80.0,2600336
4096,64,10,16,90.0,2490633
4096,64,10,16,100.0,2577754
4096,64,10,32,0.0,4062488
4096,64,10,32,10.0,4043382
4096,64,10,32,20.0,4100158
4096,64,10,32,30.0,4002778
4096,64,10,32,40.0,4034777
4096,64,10,32,50.0,4108162
4096,64,10,32,60.0,3951452
4096,64,10,32,70.0,4023696
4096,64,10,32,80.0,4096340
4096,64,10,32,90.0,4044645
4096,64,10,32,100.0,3945292
4096,64,10,64,0.0,9014971
4096,64,10,64,10.0,9091071
4096,64,10,64,20.0,9402086
4096,64,10,64,30.0,9370167
4096,64,10,64,40.0,9664361
4096,64,10,64,50.0,9198731
4096,64,10,64,60.0,9299376
4096,64,10,64,70.0,9027624
4096,64,10,64,80.0,9063180
4096,64,10,64,90.0,9073028
4096,64,10,64,100.0,9339119
8192,2,10,1,0.0,869808
8192,2,10,1,10.0,846554
8192,2,10,1,20.0,859779
8192,2,10,1,30.0,828691
8192,2,10,1,40.0,867263
8192,2,10,1,50.0,826838
8192,2,10,1,60.0,836266
8192,2,10,1,70.0,849890
8192,2,10,1,80.0,854680
8192,2,10,1,90.0,929628
8192,2,10,1,100.0,846544
8192,2,10,2,0.0,1044410
8192,2,10,2,10.0,971445
8192,2,10,2,20.0,1042557
8192,2,10,2,30.0,992945
8192,2,10,2,40.0,1005639
8192,2,10,2,50.0,1065539
8192,2,10,2,60.0,978338
8192,2,10,2,70.0,975422
8192,2,10,2,80.0,981634
8192,2,10,2,90.0,989499
8192,2,10,2,100.0,1003775
8192,2,10,4,0.0,1292028
8192,2,10,4,10.0,1281939
8192,2,10,4,20.0,1378368
8192,2,10,4,30.0,1298109
8192,2,10,4,40.0,1264056
8192,2,10,4,50.0,1260660
8192,2,10,4,60.0,1263375
8192,2,10,4,70.0,1337452
8192,2,10,4,80.0,1315000
8192,2,10,4,90.0,1253808
8192,2,10,4,100.0,1310391
8192,2,10,8,0.0,1883230
8192,2,10,8,10.0,1795348
8192,2,10,8,20.0,1868604
8192,2,10,8,30.0,1864696
8192,2,10,8,40.0,1895744
8192,2,10,8,50.0,1798524
8192,2,10,8,60.0,1909689
8192,2,10,8,70.0,1797852
8192,2,10,8,80.0,1792994
8192,2,10,8,90.0,1867912
8192,2,10,8,100.0,1775752
8192,2,10,16,0.0,2570951
8192,2,10,16,10.0,2662821
8192,2,10,16,20.0,2707123
8192,2,10,16,30.0,2673290
8192,2,10,16,40.0,2557357
8192,2,10,16,50.0,2641222
8192,2,10,16,60.0,2541907
8192,2,10,16,70.0,2588283
8192,2,10,16,80.0,2568998
8192,2,10,16,90.0,2553649
8192,2,10,16,100.0,2614131
8192,2,10,32,0.0,4248852
8192,2,10,32,10.0,4049855
8192,2,10,32,20.0,4046108
8192,2,10,32,30.0,4160559
8192,2,10,32,40.0,3986077
8192,2,10,32,50.0,4050786
8192,2,10,32,60.0,3959097
8192,2,10,32,70.0,4207306
8192,2,10,32,80.0,4156872
8192,2,10,32,90.0,3998149
8192,2,10,32,100.0,4102472
8192,2,10,64,0.0,8931677
8192,2,10,64,10.0,9206986
8192,2,10,64,20.0,8763977
8192,2,10,64,30.0,9011334
8192,2,10,64,40.0,8936165
8192,2,10,64,50.0,9050306
8192,2,10,64,60.0,9006305
8192,2,10,64,70.0,8927810
8192,2,10,64,80.0,8868319
8192,2,10,64,90.0,9230569
8192,2,10,64,100.0,8922570
8192,4,10,1,0.0,885456
8192,4,10,1,10.0,843879
8192,4,10,1,20.0,940408
8192,4,10,1,30.0,851404
8192,4,10,1,40.0,832068
8192,4,10,1,50.0,861411
8192,4,10,1,60.0,845983
8192,4,10,1,70.0,831677
8192,4,10,1,80.0,911745
8192,4,10,1,90.0,960795
8192,4,10,1,100.0,833280
8192,4,10,2,0.0,994999
8192,4,10,2,10.0,1007702
8192,4,10,2,20.0,997834
8192,4,10,2,30.0,978208
8192,4,10,2,40.0,1036516
8192,4,10,2,50.0,1016259
8192,4,10,2,60.0,993075
8192,4,10,2,70.0,996562
8192,4,10,2,80.0,1002964
8192,4,10,2,90.0,1015557
8192,4,10,2,100.0,972948
8192,4,10,4,0.0,1325089
8192,4,10,4,10.0,1325730
8192,4,10,4,20.0,1269766
8192,4,10,4,30.0,1293451
8192,4,10,4,40.0,1303990
8192,4,10,4,50.0,1741779
8192,4,10,4,60.0,1299441
8192,4,10,4,70.0,1287059
8192,4,10,4,80.0,1307236
8192,4,10,4,90.0,1276218
8192,4,10,4,100.0,1350676
8192,4,10,8,0.0,1806098
8192,4,10,8,10.0,1905291
8192,4,10,8,20.0,1803403
8192,4,10,8,30.0,1857904
8192,4,10,8,40.0,1847886
8192,4,10,8,50.0,1936469
8192,4,10,8,60.0,2004545
8192,4,10,8,70.0,1805497
8192,4,10,8,80.0,1807140
8192,4,10,8,90.0,1871598
8192,4,10,8,100.0,1757538
8192,4,10,16,0.0,2596760
8192,4,10,16,10.0,2509478
8192,4,10,16,20.0,2681937
8192,4,10,16,30.0,2586630
8192,4,10,16,40.0,2521881
8192,4,10,16,50.0,2819570
8192,4,10,16,60.0,2670035
8192,4,10,16,70.0,2522632
8192,4,10,16,80.0,2568867
8192,4,10,16,90.0,2588253
8192,4,10,16,100.0,2605435
8192,4,10,32,0.0,4016974
8192,4,10,32,10.0,3958315
8192,4,10,32,20.0,4125916
8192,4,10,32,30.0,3897053
8192,4,10,32,40.0,4070503
8192,4,10,32,50.0,4066495
8192,4,10,32,60.0,4055555
8192,4,10,32,70.0,4048111
8192,4,10,32,80.0,3992338
8192,4,10,32,90.0,4086312
8192,4,10,32,100.0,4182921
8192,4,10,64,0.0,9268909
8192,4,10,64,10.0,9167904
8192,4,10,64,20.0,9324743
8192,4,10,64,30.0,8886944
8192,4,10,64,40.0,9063761
8192,4,10,64,50.0,8988312
8192,4,10,64,60.0,9378793
8192,4,10,64,70.0,9360289
8192,4,10,64,80.0,9113994
8192,4,10,64,90.0,8994903
8192,4,10,64,100.0,9201295
8192,8,10,1,0.0,849139
8192,8,10,1,10.0,825025
8192,8,10,1,20.0,824814
8192,8,10,1,30.0,833450
8192,8,10,1,40.0,823171
8192,8,10,1,50.0,803154
8192,8,10,1,60.0,861682
8192,8,10,1,70.0,842827
8192,8,10,1,80.0,893030
8192,8,10,1,90.0,837228
8192,8,10,1,100.0,883132
8192,8,10,2,0.0,1093371
8192,8,10,2,10.0,1052244
8192,8,10,2,20.0,1006811
8192,8,10,2,30.0,1023462
8192,8,10,2,40.0,1012090
8192,8,10,2,50.0,987154
8192,8,10,2,60.0,978589
8192,8,10,2,70.0,1008594
8192,8,10,2,80.0,1022720
8192,8,10,2,90.0,1006891
8192,8,10,2,100.0,1039120
8192,8,10,4,0.0,1322714
8192,8,10,4,10.0,1282220
8192,8,10,4,20.0,1343594
8192,8,10,4,30.0,1314169
8192,8,10,4,40.0,1331581
8192,8,10,4,50.0,1291487
8192,8,10,4,60.0,1295134
8192,8,10,4,70.0,1260750
8192,8,10,4,80.0,1266491
8192,8,10,4,90.0,1413683
8192,8,10,4,100.0,1290074
8192,8,10,8,0.0,1971563
8192,8,10,8,10.0,1832436
8192,8,10,8,20.0,1828610
8192,8,10,8,30.0,1825144
8192,8,10,8,40.0,1844098
8192,8,10,8,50.0,1867922
8192,8,10,8,60.0,1979989
8192,8,10,8,70.0,1829992
8192,8,10,8,80.0,1852524
8192,8,10,8,90.0,1953751
8192,8,10,8,100.0,1902376
8192,8,10,16,0.0,2616676
8192,8,10,16,10.0,2521300
8192,8,10,16,20.0,2786780
8192,8,10,16,30.0,2491705
8192,8,10,16,40.0,2509478
8192,8,10,16,50.0,2660307
8192,8,10,16,60.0,2667079
8192,8,10,16,70.0,2801147
8192,8,10,16,80.0,2512273
8192,8,10,16,90.0,2638426
8192,8,10,16,100.0,2643425
8192,8,10,32,0.0,4130013
8192,8,10,32,10.0,3906510
8192,8,10,32,20.0,4134841
8192,8,10,32,30.0,3985125
8192,8,10,32,40.0,4010472
8192,8,10,32,50.0,4212856
8192,8,10,32,60.0,4047069
8192,8,10,32,70.0,4065373
8192,8,10,32,80.0,4309895
8192,8,10,32,90.0,4197036
8192,8,10,32,100.0,3938499
8192,8,10,64,0.0,9286553
8192,8,10,64,10.0,9200083
8192,8,10,64,20.0,9161833
8192,8,10,64,30.0,9040208
8192,8,10,64,40.0,9151593
8192,8,10,64,50.0,9230749
8192,8,10,64,60.0,9182410
8192,8,10,64,70.0,8886343
8192,8,10,64,80.0,9292343
8192,8,10,64,90.0,8891382
8192,8,10,64,100.0,9113823
8192,16,10,1,0.0,881018
8192,16,10,1,10.0,849690
8192,16,10,1,20.0,834863
8192,16,10,1,30.0,856012
8192,16,10,1,40.0,850803
8192,16,10,1,50.0,849991
8192,16,10,1,60.0,815156
8192,16,10,1,70.0,852796
8192,16,10,1,80.0,835214
8192,16,10,1,90.0,812492
8192,16,10,1,100.0,875788
8192,16,10,2,0.0,1019925
8192,16,10,2,10.0,992375
8192,16,10,2,20.0,1011279
8192,16,10,2,30.0,1002923
8192,16,10,2,40.0,991412
8192,16,10,2,50.0,1011870
8192,16,10,2,60.0,999337
8192,16,10,2,70.0,1033551
8192,16,10,2,80.0,987786
8192,16,10,2,90.0,1002152
8192,16,10,2,100.0,1040543
8192,16,10,4,0.0,1272071
8192,16,10,4,10.0,1304481
8192,16,10,4,20.0,1306204
8192,16,10,4,30.0,1299992
8192,16,10,4,40.0,1269737
8192,16,10,4,50.0,1330699
8192,16,10,4,60.0,1315712
8192,16,10,4,70.0,1347691
8192,16,10,4,80.0,1379229
8192,16,10,4,90.0,1331651
8192,16,10,4,100.0,1297938
8192,16,10,8,0.0,1834490
8192,16,10,8,10.0,1787143
8192,16,10,8,20.0,1774589
8192,16,10,8,30.0,1879754
8192,16,10,8,40.0,1943813
8192,16,10,8,50.0,1950294
8192,16,10,8,60.0,1881878
8192,16,10,8,70.0,2073151
8192,16,10,8,80.0,1805667
8192,16,10,8,90.0,1823861
8192,16,10,8,100.0,1864696
8192,16,10,16,0.0,2558268
8192,16,10,16,10.0,2578405
8192,16,10,16,20.0,2839077
8192,16,10,16,30.0,2600847
8192,16,10,16,40.0,2500722
8192,16,10,16,50.0,2627506
8192,16,10,16,60.0,2618029
8192,16,10,16,70.0,2638716
8192,16,10,16,80.0,2496925
8192,16,10,16,90.0,2813549
8192,16,10,16,100.0,2572284
8192,16,10,32,0.0,4080341
8192,16,10,32,10.0,4106479
8192,16,10,32,20.0,4214339
8192,16,10,32,30.0,3936736
8192,16,10,32,40.0,4401515
8192,16,10,32,50.0,4241900
8192,16,10,32,60.0,4226992
8192,16,10,32,70.0,3993801
8192,16,10,32,80.0,3906460
8192,16,10,32,90.0,4153617
8192,16,10,32,100.0,3926827
8192,16,10,64,0.0,9028476
8192,16,10,64,10.0,9124343
8192,16,10,64,20.0,9075763
8192,16,10,64,30.0,9161031
8192,16,10,64,40.0,9020351
8192,16,10,64,50.0,9189483
8192,16,10,64,60.0,9286764
8192,16,10,64,70.0,9205553
8192,16,10,64,80.0,9272546
8192,16,10,64,90.0,8840107
8192,16,10,64,100.0,9302873
8192,32,10,1,0.0,855070
8192,32,10,1,10.0,855942
8192,32,10,1,20.0,846615
8192,32,10,1,30.0,835615
8192,32,10,1,40.0,832979
8192,32,10,1,50.0,873274
8192,32,10,1,60.0,860159
8192,32,10,1,70.0,853377
8192,32,10,1,80.0,845222
8192,32,10,1,90.0,834402
8192,32,10,1,100.0,851744
8192,32,10,2,0.0,998094
8192,32,10,2,10.0,955807
8192,32,10,2,20.0,1018913
8192,32,10,2,30.0,982496
8192,32,10,2,40.0,1020275
8192,32,10,2,50.0,1103179
8192,32,10,2,60.0,1006510
8192,32,10,2,70.0,1047406
8192,32,10,2,80.0,1062043
8192,32,10,2,90.0,989829
8192,32,10,2,100.0,1007281
8192,32,10,4,0.0,1354353
8192,32,10,4,10.0,1312446
8192,32,10,4,20.0,1297187
8192,32,10,4,30.0,1419373
8192,32,10,4,40.0,1318216
8192,32,10,4,50.0,1291868
8192,32,10,4,60.0,1326432
8192,32,10,4,70.0,1260420
8192,32,10,4,80.0,1254929
8192,32,10,4,90.0,1284654
8192,32,10,4,100.0,1343864
8192,32,10,8,0.0,1811888
8192,32,10,8,10.0,1770592
8192,32,10,8,20.0,1745586
8192,32,10,8,30.0,1807170
8192,32,10,8,40.0,1865358
8192,32,10,8,50.0,1967447
8192,32,10,8,60.0,1749233
8192,32,10,8,70.0,1879614
8192,32,10,8,80.0,1972996
8192,32,10,8,90.0,1845992
8192,32,10,8,100.0,1789166
8192,32,10,16,0.0,2513596
8192,32,10,16,10.0,2590428
8192,32,10,16,20.0,2916260
8192,32,10,16,30.0,2674012
8192,32,10,16,40.0,2557446
8192,32,10,16,50.0,2576051
8192,32,10,16,60.0,2618840
8192,32,10,16,70.0,2682157
8192,32,10,16,80.0,2631433
8192,32,10,16,90.0,2702715
8192,32,10,16,100.0,2747418
8192,32,10,32,0.0,4056457
8192,32,10,32,10.0,4148086
8192,32,10,32,20.0,4221512
8192,32,10,32,30.0,3980977
8192,32,10,32,40.0,4217745
8192,32,10,32,50.0,4163405
8192,32,10,32,60.0,4073198
8192,32,10,32,70.0,4005894
8192,32,10,32,80.0,4009289
8192,32,10,32,90.0,4028565
8192,32,10,32,100.0,4064992
8192,32,10,64,0.0,8938239
8192,32,10,64,10.0,8918132
8192,32,10,64,20.0,9013898
8192,32,10,64,30.0,9368094
8192,32,10,64,40.0,8897874
8192,32,10,64,50.0,8919394
8192,32,10,64,60.0,9047010
8192,32,10,64,70.0,9241429
8192,32,10,64,80.0,9271224
8192,32,10,64,90.0,9297132
8192,32,10,64,100.0,9156261
8192,64,10,1,0.0,859398
8192,64,10,1,10.0,1093201
8192,64,10,1,20.0,835134
8192,64,10,1,30.0,829803
8192,64,10,1,40.0,859809
8192,64,10,1,50.0,820196
8192,64,10,1,60.0,837989
8192,64,10,1,70.0,859939
8192,64,10,1,80.0,859979
8192,64,10,1,90.0,845372
8192,64,10,1,100.0,832378
8192,64,10,2,0.0,1018122
8192,64,10,2,10.0,1023792
8192,64,10,2,20.0,991703
8192,64,10,2,30.0,997744
8192,64,10,2,40.0,1092910
8192,64,10,2,50.0,1034913
8192,64,10,2,60.0,1004877
8192,64,10,2,70.0,970304
8192,64,10,2,80.0,1006239
8192,64,10,2,90.0,1045132
8192,64,10,2,100.0,1031416
8192,64,10,4,0.0,1327603
8192,64,10,4,10.0,1284154
8192,64,10,4,20.0,1290765
8192,64,10,4,30.0,1381573
8192,64,10,4,40.0,1339926
8192,64,10,4,50.0,1283953
8192,64,10,4,60.0,1296726
8192,64,10,4,70.0,1373068
8192,64,10,4,80.0,1319018
8192,64,10,4,90.0,1350707
8192,64,10,4,100.0,1265649
8192,64,10,8,0.0,1818671
8192,64,10,8,10.0,1802732
8192,64,10,8,20.0,1816306
8192,64,10,8,30.0,1820444
8192,64,10,8,40.0,1837296
8192,64,10,8,50.0,1822919
8192,64,10,8,60.0,1803092
8192,64,10,8,70.0,1814273
8192,64,10,8,80.0,1805888
8192,64,10,8,90.0,1823170
8192,64,10,8,100.0,1790289
8192,64,10,16,0.0,2567295
8192,64,10,16,10.0,2613059
8192,64,10,16,20.0,2546456
8192,64,10,16,30.0,2606768
8192,64,10,16,40.0,2488619
8192,64,10,16,50.0,2634609
8192,64,10,16,60.0,2531949
8192,64,10,16,70.0,2741597
8192,64,10,16,80.0,2517643
8192,64,10,16,90.0,2735726
8192,64,10,16,100.0,2557156
8192,64,10,32,0.0,4204320
8192,64,10,32,10.0,3849274
8192,64,10,32,20.0,4153286
8192,64,10,32,30.0,4192037
8192,64,10,32,40.0,3834747
8192,64,10,32,50.0,4014369
8192,64,10,32,60.0,4247009
8192,64,10,32,70.0,4072105
8192,64,10,32,80.0,3926827
8192,64,10,32,90.0,4262628
8192,64,10,32,100.0,3992469
8192,64,10,64,0.0,9123752
8192,64,10,64,10.0,8844896
8192,64,10,64,20.0,8944470
8192,64,10,64,30.0,9359407
8192,64,10,64,40.0,9110026
8192,64,10,64,50.0,8892635
8192,64,10,64,60.0,8958947
8192,64,10,64,70.0,8975298
8192,64,10,64,80.0,6868473
8192,64,10,64,90.0,9198671
8192,64,10,64,100.0,9154979
