TamanhoMem,minBloco, requisicoes,threads,cleaningPercent ,execucao ,segundos
1024,16,30,1,90,808554,0.808554
1024,64,30,1,60,808705,0.808705
4096,64,30,1,70,809075,0.809075
2048,8,30,1,40,810087,0.810087
8192,2,30,1,70,810669,0.810669
1024,2,30,1,10,811289,0.811289
8192,4,30,1,50,811289,0.811289
8192,2,30,1,20,812872,0.812872
4096,64,30,1,80,813813,0.813813
2048,32,30,1,100,815627,0.815627
1024,8,30,1,60,816509,0.816509
1024,8,30,1,50,816739,0.816739
8192,64,30,1,60,817381,0.817381
1024,8,30,1,70,817901,0.817901
4096,32,30,1,90,819985,0.819985
1024,32,30,1,50,820697,0.820697
4096,32,30,1,80,820697,0.820697
2048,2,30,1,30,821007,0.821007
2048,32,30,1,40,821218,0.821218
4096,8,30,1,50,821699,0.821699
1024,16,30,1,60,821739,0.821739
1024,32,30,1,30,821799,0.821799
1024,4,30,1,20,821919,0.821919
8192,32,30,1,100,822019,0.822019
4096,4,30,1,50,822670,0.82267
4096,4,30,1,70,823852,0.823852
8192,8,30,1,100,824124,0.824124
4096,8,30,1,100,826207,0.826207
2048,8,30,1,50,826217,0.826217
2048,2,30,1,90,826528,0.826528
1024,32,30,1,40,827389,0.827389
8192,64,30,1,30,827409,0.827409
4096,2,30,1,60,827419,0.827419
8192,32,30,1,10,827459,0.827459
4096,32,30,1,30,828371,0.828371
8192,2,30,1,90,828581,0.828581
2048,2,30,1,80,828651,0.828651
4096,2,30,1,90,829183,0.829183
8192,2,30,1,80,829263,0.829263
8192,16,30,1,50,829563,0.829563
1024,32,30,1,10,829694,0.829694
4096,4,30,1,40,829703,0.829703
4096,32,30,1,70,829784,0.829784
2048,4,30,1,90,829884,0.829884
1024,64,30,1,50,830074,0.830074
4096,4,30,1,80,830334,0.830334
4096,8,30,1,30,830886,0.830886
1024,2,30,1,0,831136,0.831136
2048,4,30,1,50,831416,0.831416
1024,8,30,1,100,832078,0.832078
2048,4,30,1,20,832629,0.832629
2048,32,30,1,60,832639,0.832639
1024,8,30,1,30,833109,0.833109
8192,16,30,1,10,833510,0.83351
2048,8,30,1,60,833661,0.833661
1024,2,30,1,80,833691,0.833691
1024,4,30,1,100,833942,0.833942
8192,4,30,1,70,834172,0.834172
2048,2,30,1,20,834342,0.834342
2048,32,30,1,90,834392,0.834392
2048,32,30,1,20,834492,0.834492
2048,16,30,1,80,834643,0.834643
8192,32,30,1,40,834753,0.834753
2048,8,30,1,100,834993,0.834993
8192,8,30,1,40,835244,0.835244
2048,8,30,1,90,835745,0.835745
4096,64,30,1,10,835845,0.835845
8192,16,30,1,20,836176,0.836176
8192,8,30,1,70,836486,0.836486
2048,64,30,1,60,837157,0.837157
2048,16,30,1,50,837317,0.837317
4096,4,30,1,60,837699,0.837699
2048,64,30,1,90,838019,0.838019
4096,32,30,1,100,838349,0.838349
8192,8,30,1,60,838590,0.83859
4096,8,30,1,20,838911,0.838911
4096,64,30,1,0,839110,0.83911
1024,4,30,1,70,839502,0.839502
2048,64,30,1,10,839731,0.839731
8192,4,30,1,30,839792,0.839792
4096,8,30,1,70,839832,0.839832
8192,32,30,1,70,839983,0.839983
2048,16,30,1,60,840003,0.840003
8192,2,30,1,0,840012,0.840012
1024,16,30,1,10,840394,0.840394
1024,32,30,1,80,840473,0.840473
8192,16,30,1,40,840794,0.840794
1024,64,30,1,80,840935,0.840935
2048,4,30,1,0,841115,0.841115
2048,32,30,1,30,841145,0.841145
8192,64,30,1,50,841526,0.841526
1024,16,30,1,20,842207,0.842207
2048,8,30,1,30,842326,0.842326
2048,16,30,1,20,842417,0.842417
8192,64,30,1,20,842507,0.842507
4096,2,30,1,70,842567,0.842567
8192,16,30,1,30,842587,0.842587
1024,4,30,1,90,842607,0.842607
2048,4,30,1,60,842677,0.842677
8192,8,30,1,90,842958,0.842958
8192,16,30,1,70,842988,0.842988
2048,8,30,1,70,843068,0.843068
1024,64,30,1,30,843239,0.843239
1024,4,30,1,60,843489,0.843489
2048,16,30,1,40,843579,0.843579
8192,16,30,1,60,843619,0.843619
2048,32,30,1,10,843779,0.843779
4096,8,30,1,10,843880,0.84388
4096,2,30,1,30,843940,0.84394
1024,16,30,1,40,844060,0.84406
1024,16,30,1,100,844160,0.84416
8192,4,30,1,10,844180,0.84418
1024,4,30,1,80,844391,0.844391
2048,4,30,1,100,844411,0.844411
2048,16,30,1,90,844551,0.844551
1024,64,30,1,20,844561,0.844561
1024,2,30,1,60,844912,0.844912
8192,4,30,1,80,845212,0.845212
1024,2,30,1,90,845242,0.845242
1024,2,30,1,20,845803,0.845803
2048,2,30,1,50,845994,0.845994
2048,4,30,1,70,846114,0.846114
8192,2,30,1,60,846154,0.846154
1024,8,30,1,20,846464,0.846464
1024,64,30,1,40,846645,0.846645
4096,4,30,1,30,846895,0.846895
1024,8,30,1,80,847045,0.847045
2048,4,30,1,30,847095,0.847095
2048,4,30,1,40,847115,0.847115
1024,16,30,1,70,847246,0.847246
2048,64,30,1,40,847366,0.847366
4096,8,30,1,40,847396,0.847396
4096,64,30,1,90,847496,0.847496
2048,8,30,1,80,847636,0.847636
4096,32,30,1,20,847717,0.847717
8192,2,30,1,30,847777,0.847777
4096,16,30,1,100,847837,0.847837
8192,64,30,1,80,847916,0.847916
4096,4,30,1,20,847937,0.847937
8192,4,30,1,90,848058,0.848058
8192,32,30,1,0,848147,0.848147
8192,8,30,1,50,848177,0.848177
1024,64,30,1,10,848338,0.848338
4096,64,30,1,60,848458,0.848458
4096,16,30,1,40,848738,0.848738
2048,32,30,1,50,849140,0.84914
4096,16,30,1,10,849140,0.84914
4096,8,30,1,60,849390,0.84939
1024,32,30,1,100,849680,0.84968
4096,16,30,1,20,849731,0.849731
1024,4,30,1,30,849771,0.849771
4096,16,30,1,50,849841,0.849841
1024,2,30,1,50,850041,0.850041
2048,8,30,1,10,850111,0.850111
4096,16,30,1,30,850231,0.850231
1024,32,30,1,20,850261,0.850261
2048,2,30,1,60,850412,0.850412
8192,8,30,1,10,850542,0.850542
4096,8,30,1,90,850652,0.850652
4096,2,30,1,0,850922,0.850922
8192,16,30,1,100,851103,0.851103
2048,32,30,1,0,851243,0.851243
8192,64,30,1,10,851554,0.851554
2048,2,30,1,0,851664,0.851664
8192,64,30,1,100,851814,0.851814
1024,64,30,1,90,851954,0.851954
8192,4,30,1,60,852004,0.852004
8192,2,30,1,50,852325,0.852325
1024,16,30,1,30,852465,0.852465
4096,2,30,1,40,852476,0.852476
2048,2,30,1,10,852646,0.852646
4096,32,30,1,0,852827,0.852827
1024,8,30,1,10,852866,0.852866
4096,64,30,1,100,853007,0.853007
8192,4,30,1,100,853167,0.853167
2048,2,30,1,100,853538,0.853538
1024,2,30,1,40,853558,0.853558
1024,32,30,1,60,853568,0.853568
2048,16,30,1,70,853778,0.853778
8192,4,30,1,20,854269,0.854269
2048,8,30,1,0,854339,0.854339
4096,4,30,1,100,854499,0.854499
1024,8,30,1,90,854610,0.85461
4096,64,30,1,30,854910,0.85491
8192,16,30,1,80,855091,0.855091
1024,2,30,1,100,855721,0.855721
4096,64,30,1,40,856252,0.856252
8192,32,30,1,50,856703,0.856703
2048,64,30,1,100,856743,0.856743
1024,16,30,1,80,857155,0.857155
4096,32,30,1,50,857395,0.857395
2048,32,30,1,70,857485,0.857485
4096,64,30,1,50,858266,0.858266
2048,64,30,1,50,858326,0.858326
1024,4,30,1,10,859469,0.859469
8192,64,30,1,90,859599,0.859599
4096,8,30,1,80,859649,0.859649
8192,4,30,1,40,859889,0.859889
2048,64,30,1,0,860079,0.860079
8192,32,30,1,30,860089,0.860089
1024,32,30,1,70,860491,0.860491
2048,64,30,1,30,861272,0.861272
1024,16,30,1,50,861331,0.861331
1024,64,30,1,70,861492,0.861492
2048,4,30,1,80,861742,0.861742
1024,32,30,1,90,861813,0.861813
8192,64,30,1,70,862254,0.862254
1024,8,30,1,0,862534,0.862534
4096,16,30,1,80,862715,0.862715
2048,2,30,1,70,862824,0.862824
1024,64,30,1,100,862865,0.862865
4096,64,30,1,20,863115,0.863115
2048,4,30,1,10,863496,0.863496
4096,8,30,1,0,863816,0.863816
1024,64,30,1,0,863926,0.863926
8192,16,30,1,0,863926,0.863926
2048,32,30,1,80,864047,0.864047
8192,8,30,1,20,864227,0.864227
4096,32,30,1,10,866241,0.866241
4096,4,30,1,10,866381,0.866381
4096,16,30,1,90,866421,0.866421
8192,2,30,1,10,866522,0.866522
8192,2,30,1,40,867123,0.867123
8192,32,30,1,90,867253,0.867253
4096,4,30,1,0,867623,0.867623
8192,2,30,1,100,867724,0.867724
1024,2,30,1,30,868415,0.868415
4096,4,30,1,90,868726,0.868726
4096,16,30,1,0,870128,0.870128
4096,2,30,1,100,870348,0.870348
2048,64,30,1,80,870509,0.870509
1024,8,30,1,40,870679,0.870679
8192,64,30,1,40,872102,0.872102
8192,32,30,1,20,872111,0.872111
8192,8,30,1,0,872322,0.872322
2048,64,30,1,70,872743,0.872743
2048,16,30,1,10,872923,0.872923
2048,64,30,1,20,873144,0.873144
4096,2,30,1,20,875158,0.875158
2048,16,30,1,0,875488,0.875488
8192,32,30,1,60,876239,0.876239
8192,16,30,1,90,876570,0.87657
4096,16,30,1,70,879174,0.879174
2048,8,30,1,20,879516,0.879516
1024,16,30,1,0,880046,0.880046
8192,8,30,1,80,881038,0.881038
4096,2,30,1,10,881368,0.881368
8192,64,30,1,0,881680,0.88168
8192,4,30,1,0,882330,0.88233
4096,16,30,1,60,883242,0.883242
2048,16,30,1,100,886438,0.886438
2048,2,30,1,40,890396,0.890396
8192,8,30,1,30,895315,0.895315
2048,16,30,1,30,900594,0.900594
4096,32,30,1,40,911866,0.911866
1024,4,30,1,0,917796,0.917796
1024,32,30,1,0,922394,0.922394
1024,4,30,1,50,923527,0.923527
4096,2,30,1,50,933505,0.933505
1024,2,30,1,70,957189,0.957189
8192,16,30,2,70,958061,0.958061
8192,32,30,1,80,958701,0.958701
4096,8,30,2,40,959063,0.959063
8192,16,30,2,20,961287,0.961287
4096,2,30,2,100,962299,0.962299
2048,4,30,2,10,963161,0.963161
4096,16,30,2,10,963260,0.96326
2048,4,30,2,90,964102,0.964102
1024,8,30,2,80,964693,0.964693
4096,4,30,2,90,965454,0.965454
8192,4,30,2,80,965905,0.965905
4096,8,30,2,80,966045,0.966045
8192,16,30,2,30,966096,0.966096
8192,32,30,2,70,967077,0.967077
1024,64,30,2,20,967488,0.967488
2048,16,30,2,40,967959,0.967959
4096,32,30,1,60,968319,0.968319
2048,32,30,2,60,968660,0.96866
8192,8,30,2,30,969281,0.969281
8192,4,30,2,90,969311,0.969311
4096,4,30,2,40,969702,0.969702
4096,16,30,2,30,970063,0.970063
2048,32,30,2,90,970684,0.970684
2048,2,30,2,50,972117,0.972117
1024,8,30,2,50,972147,0.972147
1024,4,30,2,0,972567,0.972567
1024,4,30,2,70,972718,0.972718
1024,8,30,2,90,972998,0.972998
2048,2,30,2,80,973389,0.973389
2048,16,30,2,90,973589,0.973589
4096,2,30,2,20,974261,0.974261
1024,64,30,2,40,974381,0.974381
4096,8,30,2,70,974772,0.974772
1024,32,30,2,30,975072,0.975072
2048,16,30,2,70,975493,0.975493
2048,64,30,2,70,975693,0.975693
4096,4,30,2,70,976515,0.976515
1024,16,30,2,20,976535,0.976535
4096,64,30,2,70,976895,0.976895
8192,32,30,2,30,977076,0.977076
8192,64,30,2,80,977125,0.977125
8192,2,30,2,40,977236,0.977236
2048,4,30,2,30,977297,0.977297
2048,2,30,2,100,977347,0.977347
8192,2,30,2,90,977566,0.977566
4096,2,30,2,10,978358,0.978358
8192,64,30,2,50,979040,0.97904
1024,2,30,2,20,979390,0.97939
4096,64,30,2,90,979630,0.97963
8192,64,30,2,20,979810,0.97981
1024,4,30,1,40,980732,0.980732
8192,8,30,2,10,980933,0.980933
4096,8,30,2,60,981083,0.981083
1024,8,30,2,10,981634,0.981634
2048,64,30,2,100,982055,0.982055
4096,4,30,2,60,982315,0.982315
4096,2,30,2,30,982717,0.982717
4096,2,30,1,80,982777,0.982777
8192,64,30,2,30,982996,0.982996
8192,8,30,2,100,983057,0.983057
1024,64,30,2,80,983798,0.983798
4096,8,30,2,50,984028,0.984028
8192,8,30,2,20,984128,0.984128
4096,64,30,2,20,984218,0.984218
4096,32,30,2,70,984499,0.984499
2048,16,30,2,10,985051,0.985051
1024,4,30,2,20,985061,0.985061
8192,64,30,2,70,985191,0.985191
1024,64,30,2,90,985361,0.985361
8192,4,30,2,30,985481,0.985481
4096,32,30,2,90,985982,0.985982
1024,16,30,2,30,986163,0.986163
4096,8,30,2,10,986403,0.986403
1024,32,30,2,80,986433,0.986433
1024,16,30,2,70,986523,0.986523
4096,64,30,2,60,986564,0.986564
8192,64,30,2,60,987165,0.987165
2048,2,30,2,70,987195,0.987195
2048,16,30,2,100,987214,0.987214
2048,64,30,2,30,987575,0.987575
2048,32,30,2,100,987605,0.987605
8192,16,30,2,90,987605,0.987605
2048,32,30,2,70,987776,0.987776
4096,32,30,2,80,988197,0.988197
8192,16,30,2,40,988236,0.988236
4096,4,30,2,30,988697,0.988697
1024,64,30,2,10,989098,0.989098
8192,64,30,2,90,989188,0.989188
2048,4,30,2,20,989549,0.989549
1024,16,30,2,90,990050,0.99005
1024,4,30,2,10,990069,0.990069
4096,16,30,2,90,990371,0.990371
1024,32,30,2,50,990821,0.990821
4096,16,30,2,80,991303,0.991303
4096,2,30,2,40,991713,0.991713
8192,32,30,2,100,991733,0.991733
8192,32,30,2,60,991913,0.991913
2048,64,30,2,0,992134,0.992134
2048,2,30,2,10,992535,0.992535
8192,4,30,2,10,993336,0.993336
8192,2,30,2,50,993456,0.993456
4096,32,30,2,10,993486,0.993486
1024,2,30,2,60,993526,0.993526
1024,2,30,2,40,993627,0.993627
8192,32,30,2,10,993716,0.993716
2048,2,30,2,90,994077,0.994077
8192,2,30,2,20,994127,0.994127
2048,8,30,2,10,994728,0.994728
1024,8,30,2,30,995240,0.99524
2048,16,30,2,20,995410,0.99541
8192,4,30,2,70,995730,0.99573
8192,16,30,2,60,996221,0.996221
2048,4,30,2,0,996462,0.996462
2048,32,30,2,20,996641,0.996641
1024,4,30,2,50,997143,0.997143
8192,2,30,2,70,998065,0.998065
2048,64,30,2,20,998265,0.998265
8192,8,30,2,90,998696,0.998696
2048,16,30,2,80,999027,0.999027
1024,16,30,2,60,999047,0.999047
4096,4,30,2,10,999126,0.999126
2048,8,30,2,100,999306,0.999306
8192,8,30,2,40,999357,0.999357
2048,8,30,2,60,999918,0.999918
1024,4,30,2,30,1000409,1.000409
4096,4,30,2,20,1000479,1.000479
2048,16,30,2,60,1000659,1.000659
1024,2,30,2,0,1000729,1.000729
1024,64,30,2,50,1000810,1.00081
8192,64,30,2,10,1001391,1.001391
2048,4,30,2,40,1001451,1.001451
1024,2,30,2,100,1001481,1.001481
4096,2,30,2,80,1001711,1.001711
2048,2,30,2,40,1001931,1.001931
4096,4,30,2,50,1002342,1.002342
2048,32,30,2,50,1002553,1.002553
1024,8,30,2,40,1002583,1.002583
2048,64,30,2,80,1002723,1.002723
8192,8,30,2,50,1002753,1.002753
4096,16,30,2,60,1002823,1.002823
1024,4,30,2,60,1002874,1.002874
1024,32,30,2,10,1003154,1.003154
4096,4,30,2,100,1003164,1.003164
8192,2,30,2,100,1003334,1.003334
2048,4,30,2,50,1003594,1.003594
1024,2,30,2,10,1003595,1.003595
8192,64,30,2,100,1004667,1.004667
1024,8,30,2,60,1004987,1.004987
2048,16,30,2,50,1005128,1.005128
1024,32,30,2,100,1005218,1.005218
1024,2,30,2,50,1005418,1.005418
1024,64,30,2,0,1006189,1.006189
8192,8,30,2,80,1006430,1.00643
2048,8,30,2,90,1006560,1.00656
1024,8,30,2,0,1006721,1.006721
4096,8,30,2,30,1006850,1.00685
1024,16,30,2,0,1006991,1.006991
1024,32,30,2,60,1007042,1.007042
4096,32,30,2,20,1007151,1.007151
1024,16,30,2,50,1007472,1.007472
8192,16,30,2,80,1007733,1.007733
1024,64,30,2,60,1008343,1.008343
1024,2,30,2,80,1008624,1.008624
1024,4,30,2,40,1009646,1.009646
1024,32,30,2,40,1009766,1.009766
8192,2,30,2,30,1009796,1.009796
4096,64,30,2,100,1009956,1.009956
2048,8,30,2,50,1010176,1.010176
1024,64,30,2,100,1010498,1.010498
4096,64,30,2,80,1010617,1.010617
4096,32,30,2,30,1010678,1.010678
2048,8,30,2,0,1010819,1.010819
1024,32,30,2,0,1011088,1.011088
2048,4,30,2,60,1011660,1.01166
4096,8,30,2,20,1011750,1.01175
8192,4,30,2,20,1011820,1.01182
1024,4,30,2,100,1012351,1.012351
8192,16,30,2,50,1012872,1.012872
8192,64,30,2,0,1012892,1.012892
4096,8,30,2,100,1013203,1.013203
4096,32,30,2,100,1013634,1.013634
8192,8,30,2,60,1014264,1.014264
8192,4,30,2,100,1014335,1.014335
8192,2,30,2,60,1014605,1.014605
4096,16,30,2,50,1014765,1.014765
1024,2,30,2,30,1014835,1.014835
1024,4,30,2,90,1014956,1.014956
2048,32,30,2,30,1015146,1.015146
8192,2,30,2,80,1015256,1.015256
2048,64,30,2,10,1015457,1.015457
4096,64,30,2,10,1015597,1.015597
2048,64,30,2,50,1015987,1.015987
4096,16,30,2,70,1016078,1.016078
1024,8,30,2,70,1016299,1.016299
2048,32,30,2,0,1016699,1.016699
4096,64,30,2,40,1017190,1.01719
8192,8,30,2,70,1017710,1.01771
4096,32,30,2,0,1017991,1.017991
8192,2,30,2,0,1018011,1.018011
2048,32,30,2,40,1018432,1.018432
4096,2,30,2,0,1018512,1.018512
1024,32,30,2,70,1018552,1.018552
8192,16,30,2,10,1018943,1.018943
8192,4,30,2,0,1019104,1.019104
2048,2,30,2,20,1019203,1.019203
8192,32,30,2,40,1019214,1.019214
1024,8,30,2,100,1019234,1.019234
4096,2,30,2,90,1019454,1.019454
2048,8,30,2,20,1020065,1.020065
1024,16,30,2,40,1020235,1.020235
1024,16,30,2,10,1020295,1.020295
1024,16,30,2,80,1020546,1.020546
4096,64,30,2,0,1021358,1.021358
1024,2,30,2,70,1021588,1.021588
4096,32,30,2,40,1023432,1.023432
8192,4,30,2,50,1023982,1.023982
4096,64,30,2,50,1025014,1.025014
8192,4,30,2,40,1025295,1.025295
2048,4,30,2,100,1025546,1.025546
4096,4,30,2,80,1025636,1.025636
8192,16,30,2,0,1026156,1.026156
2048,64,30,2,60,1026528,1.026528
8192,32,30,2,50,1027158,1.027158
2048,8,30,2,30,1027769,1.027769
8192,32,30,2,0,1027930,1.02793
4096,64,30,2,30,1028401,1.028401
4096,2,30,2,60,1028501,1.028501
4096,2,30,2,70,1028611,1.028611
4096,8,30,2,0,1029112,1.029112
2048,8,30,2,70,1029463,1.029463
1024,32,30,2,90,1029943,1.029943
4096,2,30,2,50,1031095,1.031095
2048,16,30,2,0,1031366,1.031366
8192,8,30,2,0,1031656,1.031656
2048,32,30,2,10,1031917,1.031917
1024,64,30,2,70,1032227,1.032227
4096,4,30,2,0,1033290,1.03329
2048,2,30,2,60,1033429,1.033429
2048,4,30,2,70,1036115,1.036115
1024,32,30,2,20,1036756,1.036756
4096,32,30,2,50,1037628,1.037628
2048,8,30,2,40,1039191,1.039191
1024,64,30,2,30,1040974,1.040974
1024,4,30,2,80,1042045,1.042045
2048,8,30,2,80,1043288,1.043288
2048,64,30,2,40,1044851,1.044851
4096,16,30,2,40,1046013,1.046013
8192,32,30,2,20,1046243,1.046243
8192,2,30,2,10,1046324,1.046324
4096,16,30,2,100,1046544,1.046544
2048,2,30,2,0,1048338,1.048338
2048,16,30,2,30,1051182,1.051182
8192,32,30,2,80,1051704,1.051704
2048,2,30,2,30,1052195,1.052195
4096,32,30,2,60,1052766,1.052766
1024,2,30,2,90,1059549,1.059549
4096,16,30,2,0,1060450,1.06045
8192,32,30,2,90,1061272,1.061272
4096,16,30,2,20,1062443,1.062443
4096,8,30,2,90,1068314,1.068314
8192,64,30,2,40,1070378,1.070378
8192,16,30,2,100,1070649,1.070649
2048,64,30,2,90,1074435,1.074435
2048,32,30,2,80,1094513,1.094513
2048,4,30,2,80,1106695,1.106695
8192,4,30,2,60,1119829,1.119829
1024,8,30,2,20,1126512,1.126512
1024,8,30,4,70,1235142,1.235142
2048,4,30,4,100,1238579,1.238579
8192,32,30,4,50,1241164,1.241164
1024,32,30,4,30,1241204,1.241204
1024,32,30,4,40,1242556,1.242556
8192,4,30,4,30,1246173,1.246173
4096,2,30,4,60,1248627,1.248627
8192,32,30,4,100,1250831,1.250831
4096,8,30,4,100,1251012,1.251012
2048,4,30,4,10,1252114,1.252114
8192,32,30,4,30,1254118,1.254118
2048,32,30,4,30,1254889,1.254889
4096,32,30,4,30,1255030,1.25503
8192,2,30,4,20,1256602,1.256602
8192,2,30,4,10,1256642,1.256642
2048,8,30,4,10,1256772,1.256772
4096,4,30,4,40,1257755,1.257755
8192,16,30,4,10,1257945,1.257945
2048,4,30,4,40,1259658,1.259658
2048,64,30,4,70,1259728,1.259728
2048,8,30,4,40,1259949,1.259949
4096,2,30,4,20,1260800,1.2608
8192,8,30,4,10,1261151,1.261151
1024,64,30,4,40,1263134,1.263134
2048,32,30,4,40,1263755,1.263755
4096,4,30,4,90,1264086,1.264086
4096,16,30,4,0,1264968,1.264968
4096,8,30,4,50,1266160,1.26616
4096,64,30,4,100,1266551,1.266551
1024,8,30,4,60,1267483,1.267483
1024,64,30,4,70,1267983,1.267983
8192,64,30,4,0,1268143,1.268143
1024,8,30,4,90,1268204,1.268204
1024,32,30,4,50,1268384,1.268384
2048,4,30,4,90,1269085,1.269085
4096,16,30,4,70,1269366,1.269366
4096,4,30,4,50,1269426,1.269426
1024,8,30,4,100,1270418,1.270418
4096,32,30,4,90,1271390,1.27139
2048,2,30,4,70,1271440,1.27144
8192,32,30,4,40,1271750,1.27175
2048,16,30,4,40,1271850,1.27185
8192,16,30,4,70,1271931,1.271931
4096,2,30,4,100,1272601,1.272601
4096,64,30,4,60,1272972,1.272972
2048,4,30,4,20,1272993,1.272993
4096,16,30,4,100,1274586,1.274586
8192,32,30,4,60,1274706,1.274706
8192,8,30,4,0,1274716,1.274716
8192,32,30,4,90,1274927,1.274927
2048,2,30,4,100,1275047,1.275047
4096,32,30,4,10,1275738,1.275738
1024,8,30,4,50,1276610,1.27661
8192,4,30,4,100,1277331,1.277331
2048,4,30,4,70,1277371,1.277371
2048,2,30,4,90,1277531,1.277531
1024,4,30,4,20,1278493,1.278493
2048,2,30,4,0,1278503,1.278503
4096,4,30,4,10,1278994,1.278994
2048,2,30,4,50,1279384,1.279384
1024,8,30,4,40,1279635,1.279635
4096,64,30,4,40,1280587,1.280587
8192,2,30,4,50,1280657,1.280657
4096,8,30,4,40,1280897,1.280897
2048,8,30,4,20,1281197,1.281197
1024,4,30,4,90,1281579,1.281579
1024,64,30,4,0,1281789,1.281789
8192,64,30,4,60,1282179,1.282179
4096,64,30,4,50,1282891,1.282891
8192,4,30,4,80,1283783,1.283783
8192,4,30,4,90,1283882,1.283882
4096,2,30,4,10,1284134,1.284134
1024,64,30,4,60,1284183,1.284183
4096,64,30,4,10,1285345,1.285345
2048,16,30,4,50,1285425,1.285425
4096,4,30,4,30,1285947,1.285947
1024,16,30,4,70,1287309,1.287309
4096,4,30,4,80,1287991,1.287991
4096,2,30,4,30,1288622,1.288622
4096,32,30,4,60,1288671,1.288671
4096,8,30,4,70,1289523,1.289523
1024,4,30,4,100,1290185,1.290185
4096,2,30,4,40,1290845,1.290845
4096,16,30,4,60,1290866,1.290866
1024,32,30,4,80,1291156,1.291156
2048,32,30,4,10,1291637,1.291637
4096,16,30,4,20,1291638,1.291638
4096,8,30,4,90,1291697,1.291697
8192,32,30,4,20,1291737,1.291737
1024,64,30,4,90,1292759,1.292759
8192,64,30,4,100,1293020,1.29302
4096,32,30,4,20,1293120,1.29312
1024,16,30,4,60,1293872,1.293872
8192,16,30,4,100,1293961,1.293961
2048,32,30,4,90,1294252,1.294252
1024,8,30,4,30,1294362,1.294362
1024,8,30,4,10,1295023,1.295023
4096,64,30,4,20,1295164,1.295164
1024,4,30,4,50,1295875,1.295875
4096,16,30,4,10,1295895,1.295895
2048,64,30,4,40,1295975,1.295975
2048,16,30,4,30,1297929,1.297929
4096,64,30,4,30,1298109,1.298109
8192,4,30,4,40,1298149,1.298149
1024,4,30,4,40,1298951,1.298951
1024,64,30,4,30,1299101,1.299101
8192,8,30,4,70,1300404,1.300404
2048,64,30,4,100,1300664,1.300664
8192,4,30,4,50,1300694,1.300694
8192,8,30,4,60,1300974,1.300974
1024,32,30,4,10,1301124,1.301124
1024,8,30,4,20,1301205,1.301205
8192,4,30,4,70,1301496,1.301496
2048,2,30,4,80,1302097,1.302097
1024,2,30,4,40,1302156,1.302156
4096,4,30,4,100,1302156,1.302156
8192,8,30,4,30,1302187,1.302187
2048,2,30,4,30,1302898,1.302898
8192,16,30,4,80,1303018,1.303018
2048,8,30,4,30,1303228,1.303228
2048,16,30,4,60,1303259,1.303259
1024,8,30,4,0,1303419,1.303419
1024,16,30,4,10,1304421,1.304421
4096,32,30,4,0,1304651,1.304651
2048,8,30,4,90,1305332,1.305332
1024,32,30,4,90,1305443,1.305443
1024,16,30,4,100,1305664,1.305664
8192,2,30,4,90,1305783,1.305783
1024,4,30,4,10,1305953,1.305953
1024,2,30,4,100,1305974,1.305974
1024,64,30,4,10,1306064,1.306064
1024,2,30,4,70,1306314,1.306314
2048,8,30,4,80,1306865,1.306865
8192,8,30,4,80,1306915,1.306915
1024,2,30,4,30,1307506,1.307506
4096,2,30,4,90,1307717,1.307717
4096,16,30,4,50,1307797,1.307797
1024,2,30,4,60,1308749,1.308749
2048,32,30,4,60,1308849,1.308849
1024,64,30,4,20,1309400,1.3094
2048,32,30,4,80,1309520,1.30952
8192,16,30,4,30,1309891,1.309891
8192,64,30,4,30,1310172,1.310172
2048,8,30,4,70,1310572,1.310572
2048,8,30,4,50,1311204,1.311204
8192,16,30,4,40,1311503,1.311503
1024,4,30,4,30,1311684,1.311684
4096,4,30,4,20,1311795,1.311795
1024,32,30,4,100,1312255,1.312255
2048,32,30,4,0,1312526,1.312526
2048,4,30,4,80,1312666,1.312666
4096,32,30,4,80,1312816,1.312816
4096,64,30,4,80,1313026,1.313026
4096,2,30,4,70,1313378,1.313378
4096,64,30,4,90,1313647,1.313647
2048,64,30,4,20,1314469,1.314469
1024,64,30,4,80,1314690,1.31469
2048,16,30,4,10,1314769,1.314769
2048,32,30,4,100,1315341,1.315341
1024,32,30,4,0,1315551,1.315551
8192,64,30,4,70,1315782,1.315782
2048,4,30,4,60,1315922,1.315922
8192,4,30,4,20,1316032,1.316032
8192,4,30,4,60,1316172,1.316172
2048,4,30,4,30,1316453,1.316453
2048,32,30,4,20,1316964,1.316964
4096,8,30,4,30,1316974,1.316974
8192,16,30,4,60,1317234,1.317234
8192,2,30,4,100,1317846,1.317846
8192,8,30,4,20,1317895,1.317895
4096,64,30,4,0,1318467,1.318467
8192,32,30,4,70,1318486,1.318486
1024,8,30,4,80,1318747,1.318747
2048,16,30,4,90,1319559,1.319559
1024,4,30,4,70,1319739,1.319739
2048,64,30,4,90,1319960,1.31996
2048,32,30,4,50,1320631,1.320631
8192,2,30,4,80,1321682,1.321682
8192,64,30,4,80,1321994,1.321994
2048,4,30,4,0,1322013,1.322013
1024,64,30,4,100,1322494,1.322494
1024,16,30,4,0,1322905,1.322905
8192,4,30,4,0,1322935,1.322935
8192,16,30,4,90,1323496,1.323496
1024,64,30,4,50,1323576,1.323576
8192,32,30,4,80,1323676,1.323676
4096,4,30,4,70,1323807,1.323807
8192,64,30,4,50,1324307,1.324307
1024,2,30,4,90,1324348,1.324348
2048,2,30,4,20,1325029,1.325029
8192,32,30,4,0,1325280,1.32528
4096,16,30,4,90,1325319,1.325319
2048,16,30,4,100,1325549,1.325549
2048,64,30,4,60,1325981,1.325981
4096,2,30,4,50,1327323,1.327323
2048,2,30,4,40,1328486,1.328486
2048,16,30,4,80,1330199,1.330199
1024,16,30,4,30,1330640,1.33064
8192,8,30,4,50,1331070,1.33107
4096,32,30,4,100,1331832,1.331832
4096,4,30,4,0,1332893,1.332893
8192,16,30,4,20,1333093,1.333093
2048,64,30,4,50,1333334,1.333334
8192,32,30,4,10,1334126,1.334126
1024,16,30,4,50,1334716,1.334716
1024,4,30,4,60,1334887,1.334887
4096,2,30,4,0,1336931,1.336931
2048,16,30,4,0,1336970,1.33697
8192,16,30,4,50,1339746,1.339746
1024,2,30,4,20,1339756,1.339756
8192,4,30,4,10,1339776,1.339776
2048,64,30,4,80,1340066,1.340066
1024,32,30,4,60,1340678,1.340678
4096,16,30,4,30,1342090,1.34209
2048,16,30,4,20,1342622,1.342622
4096,8,30,4,80,1342741,1.342741
8192,2,30,4,70,1343212,1.343212
1024,16,30,4,20,1343313,1.343313
1024,2,30,4,0,1345126,1.345126
2048,16,30,4,70,1345216,1.345216
1024,4,30,4,80,1345467,1.345467
1024,16,30,4,80,1346238,1.346238
8192,8,30,4,90,1346429,1.346429
4096,8,30,4,60,1347320,1.34732
2048,8,30,4,100,1347631,1.347631
8192,16,30,4,0,1347740,1.34774
1024,2,30,4,80,1347982,1.347982
2048,32,30,4,70,1348191,1.348191
2048,64,30,4,10,1348402,1.348402
4096,2,30,4,80,1349574,1.349574
2048,8,30,4,60,1350666,1.350666
1024,4,30,4,0,1351317,1.351317
2048,4,30,4,50,1353251,1.353251
2048,64,30,4,0,1354102,1.354102
8192,2,30,4,60,1354594,1.354594
2048,64,30,4,30,1354844,1.354844
4096,32,30,4,70,1356367,1.356367
8192,64,30,4,10,1356988,1.356988
8192,8,30,4,40,1362227,1.362227
4096,32,30,4,50,1364412,1.364412
4096,64,30,4,70,1367287,1.367287
4096,16,30,4,40,1367317,1.367317
8192,64,30,4,20,1369240,1.36924
8192,2,30,4,40,1369260,1.36926
4096,32,30,4,40,1375212,1.375212
1024,2,30,4,50,1388136,1.388136
4096,8,30,4,20,1389147,1.389147
4096,8,30,4,0,1391762,1.391762
2048,8,30,4,0,1392534,1.392534
1024,32,30,4,70,1394337,1.394337
4096,4,30,4,60,1394627,1.394627
1024,16,30,4,40,1395579,1.395579
2048,2,30,4,60,1397062,1.397062
4096,8,30,4,10,1401760,1.40176
4096,16,30,4,80,1404035,1.404035
8192,64,30,4,90,1408823,1.408823
8192,64,30,4,40,1411188,1.411188
1024,2,30,4,10,1417299,1.417299
2048,2,30,4,10,1426316,1.426316
8192,8,30,4,100,1433109,1.433109
1024,32,30,4,20,1444420,1.44442
8192,2,30,4,0,1447716,1.447716
1024,16,30,2,100,1460739,1.460739
8192,2,30,4,30,1607902,1.607902
8192,64,30,8,60,1726671,1.726671
8192,16,30,8,100,1726881,1.726881
1024,64,30,8,20,1733213,1.733213
4096,32,30,8,30,1741569,1.741569
8192,4,30,8,100,1741649,1.741649
2048,32,30,8,80,1741979,1.741979
8192,4,30,8,70,1745536,1.745536
8192,4,30,8,10,1746448,1.746448
4096,8,30,8,40,1747700,1.7477
4096,32,30,8,50,1749533,1.749533
8192,64,30,8,100,1750706,1.750706
4096,32,30,8,100,1752589,1.752589
1024,2,30,8,90,1753491,1.753491
1024,16,30,4,90,1756537,1.756537
8192,8,30,8,50,1759902,1.759902
8192,2,30,8,0,1760273,1.760273
4096,32,30,8,60,1763189,1.763189
8192,64,30,8,20,1763329,1.763329
2048,2,30,8,0,1766044,1.766044
4096,64,30,8,80,1768038,1.768038
1024,16,30,8,40,1771774,1.771774
2048,4,30,8,10,1771854,1.771854
2048,64,30,8,100,1771895,1.771895
1024,32,30,8,60,1772044,1.772044
1024,8,30,8,70,1772095,1.772095
2048,8,30,8,30,1773147,1.773147
4096,32,30,8,80,1773478,1.773478
8192,32,30,8,70,1776122,1.776122
2048,4,30,8,80,1776944,1.776944
4096,4,30,8,90,1778296,1.778296
4096,4,30,8,40,1779939,1.779939
4096,4,30,8,20,1780391,1.780391
2048,8,30,8,40,1780551,1.780551
8192,32,30,8,60,1782695,1.782695
1024,16,30,8,50,1782865,1.782865
4096,64,30,8,20,1783937,1.783937
2048,64,30,8,80,1784578,1.784578
8192,4,30,8,90,1784618,1.784618
8192,4,30,8,40,1784819,1.784819
1024,64,30,8,60,1784888,1.784888
4096,4,30,8,10,1784969,1.784969
4096,2,30,8,70,1784989,1.784989
8192,2,30,8,30,1785199,1.785199
8192,32,30,8,10,1785259,1.785259
4096,8,30,8,90,1785910,1.78591
4096,32,30,8,70,1786181,1.786181
4096,8,30,8,100,1786762,1.786762
8192,8,30,8,30,1789597,1.789597
4096,8,30,8,0,1790029,1.790029
4096,8,30,8,60,1790559,1.790559
4096,4,30,8,60,1791220,1.79122
2048,2,30,8,100,1791691,1.791691
4096,16,30,8,0,1791851,1.791851
4096,64,30,8,70,1792242,1.792242
2048,16,30,8,10,1792673,1.792673
1024,4,30,8,20,1793525,1.793525
1024,2,30,8,80,1793805,1.793805
2048,2,30,8,50,1794005,1.794005
4096,4,30,8,80,1794306,1.794306
2048,4,30,8,50,1794647,1.794647
8192,64,30,8,90,1795137,1.795137
1024,32,30,8,30,1795629,1.795629
8192,32,30,8,100,1797222,1.797222
2048,32,30,8,100,1797322,1.797322
4096,2,30,8,20,1797462,1.797462
8192,4,30,8,60,1798333,1.798333
8192,32,30,8,80,1798563,1.798563
4096,2,30,8,40,1799215,1.799215
4096,32,30,8,20,1799276,1.799276
2048,32,30,8,0,1799546,1.799546
1024,64,30,8,30,1799946,1.799946
2048,2,30,8,20,1800227,1.800227
2048,16,30,8,80,1800317,1.800317
2048,2,30,8,70,1801760,1.80176
1024,64,30,8,100,1802010,1.80201
8192,32,30,8,50,1803143,1.803143
2048,2,30,8,40,1803343,1.803343
4096,64,30,8,40,1804274,1.804274
2048,4,30,8,30,1804695,1.804695
1024,64,30,8,90,1805187,1.805187
4096,16,30,8,90,1805707,1.805707
2048,32,30,8,70,1805828,1.805828
2048,8,30,8,20,1806218,1.806218
8192,64,30,8,70,1806258,1.806258
4096,2,30,8,0,1809644,1.809644
2048,16,30,8,70,1810476,1.810476
1024,8,30,8,90,1810787,1.810787
4096,64,30,8,10,1810907,1.810907
2048,64,30,8,20,1810966,1.810966
8192,64,30,8,10,1810987,1.810987
4096,2,30,8,100,1811187,1.811187
8192,8,30,8,20,1811408,1.811408
4096,8,30,8,20,1812219,1.812219
4096,64,30,8,100,1812390,1.81239
8192,16,30,8,50,1813411,1.813411
1024,32,30,8,50,1814072,1.814072
8192,8,30,8,60,1814834,1.814834
4096,64,30,8,0,1814854,1.814854
4096,16,30,8,50,1814895,1.814895
8192,32,30,8,90,1815406,1.815406
4096,32,30,8,10,1817529,1.817529
2048,4,30,8,40,1818190,1.81819
2048,64,30,8,30,1818341,1.818341
4096,64,30,8,50,1818891,1.818891
8192,16,30,8,70,1819833,1.819833
2048,8,30,8,100,1820875,1.820875
1024,8,30,8,50,1820925,1.820925
2048,4,30,8,60,1821417,1.821417
1024,2,30,8,40,1821737,1.821737
1024,64,30,8,0,1822268,1.822268
1024,2,30,8,20,1823881,1.823881
8192,4,30,8,80,1824331,1.824331
4096,4,30,8,50,1824431,1.824431
8192,4,30,8,50,1824432,1.824432
2048,8,30,8,80,1824632,1.824632
4096,16,30,8,10,1824842,1.824842
1024,16,30,8,100,1825073,1.825073
2048,64,30,8,50,1825083,1.825083
4096,2,30,8,10,1826355,1.826355
4096,16,30,8,40,1826576,1.826576
4096,16,30,8,100,1826655,1.826655
8192,2,30,8,70,1826686,1.826686
2048,64,30,8,10,1827047,1.827047
4096,2,30,8,60,1827397,1.827397
8192,16,30,8,60,1828178,1.828178
4096,16,30,8,30,1830734,1.830734
4096,32,30,8,40,1831845,1.831845
8192,32,30,8,30,1831975,1.831975
1024,64,30,8,10,1833388,1.833388
1024,2,30,8,70,1833629,1.833629
1024,16,30,8,90,1833659,1.833659
8192,64,30,8,0,1834259,1.834259
4096,8,30,8,80,1835061,1.835061
8192,2,30,8,100,1837797,1.837797
4096,2,30,8,80,1838097,1.838097
2048,4,30,8,70,1840341,1.840341
4096,8,30,8,70,1840461,1.840461
4096,64,30,8,30,1841072,1.841072
2048,32,30,8,10,1841714,1.841714
1024,2,30,8,10,1841773,1.841773
1024,4,30,8,40,1841784,1.841784
2048,2,30,8,80,1842546,1.842546
4096,64,30,8,60,1842806,1.842806
1024,4,30,8,30,1843036,1.843036
4096,8,30,8,30,1843608,1.843608
1024,4,30,8,60,1844008,1.844008
8192,16,30,8,10,1844469,1.844469
2048,8,30,8,70,1844799,1.844799
2048,4,30,8,100,1844860,1.84486
1024,16,30,8,20,1845812,1.845812
1024,8,30,8,40,1846713,1.846713
1024,8,30,8,20,1847404,1.847404
1024,2,30,8,0,1847985,1.847985
8192,4,30,8,20,1848877,1.848877
2048,32,30,8,60,1850300,1.8503
2048,64,30,8,90,1852544,1.852544
1024,16,30,8,30,1853405,1.853405
8192,16,30,8,40,1856581,1.856581
1024,64,30,8,80,1858565,1.858565
8192,8,30,8,70,1860418,1.860418
2048,64,30,8,0,1862222,1.862222
8192,2,30,8,20,1862352,1.862352
1024,4,30,8,100,1862402,1.862402
8192,2,30,8,10,1862543,1.862543
4096,2,30,8,90,1862733,1.862733
2048,4,30,8,90,1865228,1.865228
1024,64,30,8,70,1865427,1.865427
1024,2,30,8,60,1865518,1.865518
2048,32,30,8,50,1865518,1.865518
4096,64,30,8,90,1867852,1.867852
2048,32,30,8,20,1867962,1.867962
2048,64,30,8,70,1868043,1.868043
1024,2,30,8,100,1869164,1.869164
2048,4,30,8,20,1870908,1.870908
2048,2,30,8,60,1871198,1.871198
2048,2,30,8,90,1872300,1.8723
1024,8,30,8,30,1873041,1.873041
1024,4,30,8,70,1873543,1.873543
8192,2,30,8,80,1873913,1.873913
8192,8,30,8,40,1873964,1.873964
4096,2,30,8,50,1874565,1.874565
1024,4,30,8,10,1877439,1.877439
4096,16,30,8,70,1878872,1.878872
2048,16,30,8,60,1879644,1.879644
8192,8,30,8,80,1880105,1.880105
4096,4,30,8,70,1880847,1.880847
2048,16,30,8,40,1881146,1.881146
1024,32,30,8,0,1881588,1.881588
4096,16,30,8,80,1882329,1.882329
4096,16,30,8,60,1882609,1.882609
4096,32,30,8,90,1886647,1.886647
2048,64,30,8,60,1887909,1.887909
8192,16,30,8,80,1888340,1.88834
4096,16,30,8,20,1889472,1.889472
1024,64,30,8,40,1890063,1.890063
1024,32,30,8,90,1891336,1.891336
8192,16,30,8,90,1891536,1.891536
8192,8,30,8,0,1892007,1.892007
2048,4,30,8,0,1892738,1.892738
4096,4,30,8,30,1893259,1.893259
1024,16,30,8,80,1894001,1.894001
2048,64,30,8,40,1894101,1.894101
1024,32,30,8,70,1896104,1.896104
8192,2,30,8,40,1896936,1.896936
8192,8,30,8,10,1898909,1.898909
1024,2,30,8,30,1901485,1.901485
2048,8,30,8,60,1902135,1.902135
8192,8,30,8,100,1903698,1.903698
1024,32,30,8,20,1904780,1.90478
8192,64,30,8,40,1905271,1.905271
4096,8,30,8,50,1907045,1.907045
2048,32,30,8,90,1907305,1.907305
2048,16,30,8,100,1907625,1.907625
1024,4,30,8,90,1908086,1.908086
8192,64,30,8,50,1910410,1.91041
1024,16,30,8,60,1910521,1.910521
1024,8,30,8,100,1912084,1.912084
2048,8,30,8,50,1912355,1.912355
8192,64,30,8,30,1913437,1.913437
2048,8,30,8,10,1915590,1.91559
8192,16,30,8,20,1916772,1.916772
1024,32,30,8,40,1916943,1.916943
8192,16,30,8,30,1917273,1.917273
2048,16,30,8,90,1917564,1.917564
1024,16,30,8,10,1917614,1.917614
2048,32,30,8,40,1920420,1.92042
2048,8,30,8,90,1925930,1.92593
8192,2,30,8,60,1926240,1.92624
8192,4,30,8,30,1929045,1.929045
1024,16,30,8,70,1934515,1.934515
1024,8,30,8,10,1935397,1.935397
8192,2,30,8,50,1938613,1.938613
8192,32,30,8,20,1939725,1.939725
8192,64,30,8,80,1940486,1.940486
1024,16,30,8,0,1941838,1.941838
2048,16,30,8,50,1945515,1.945515
8192,32,30,8,40,1945616,1.945616
2048,16,30,8,30,1946107,1.946107
1024,32,30,8,10,1947890,1.94789
2048,2,30,8,10,1948962,1.948962
4096,4,30,8,0,1955023,1.955023
1024,8,30,8,60,1956726,1.956726
2048,2,30,8,30,1956797,1.956797
4096,2,30,8,30,1967907,1.967907
2048,16,30,8,0,1971994,1.971994
1024,32,30,8,100,1974479,1.974479
1024,8,30,8,0,1974730,1.97473
1024,4,30,8,50,1975771,1.975771
8192,2,30,8,90,1976002,1.976002
8192,16,30,8,0,1978827,1.978827
2048,32,30,8,30,1979088,1.979088
8192,8,30,8,90,1979989,1.979989
1024,8,30,8,80,1986401,1.986401
2048,8,30,8,0,2000307,2.000307
8192,32,30,8,0,2000988,2.000988
1024,64,30,8,50,2002010,2.00201
4096,4,30,8,100,2004325,2.004325
4096,8,30,8,10,2019483,2.019483
1024,4,30,8,0,2022999,2.022999
1024,4,30,8,80,2031514,2.031514
8192,4,30,8,0,2033959,2.033959
1024,32,30,8,80,2046292,2.046292
2048,16,30,8,20,2052994,2.052994
4096,32,30,8,0,2089592,2.089592
1024,2,30,8,50,2106273,2.106273
1024,32,30,16,20,2432777,2.432777
2048,2,30,16,20,2451991,2.451991
4096,32,30,16,70,2452112,2.452112
8192,64,30,16,40,2458864,2.458864
4096,64,30,16,80,2459305,2.459305
2048,32,30,16,30,2471218,2.471218
4096,64,30,16,40,2473751,2.473751
8192,8,30,16,40,2477458,2.477458
1024,16,30,16,90,2478099,2.478099
1024,16,30,16,50,2482498,2.482498
2048,16,30,16,90,2485313,2.485313
2048,64,30,16,30,2486084,2.486084
8192,32,30,16,100,2486165,2.486165
2048,8,30,16,20,2492035,2.492035
2048,8,30,16,60,2492155,2.492155
2048,2,30,16,90,2494921,2.494921
8192,2,30,16,90,2504458,2.504458
2048,4,30,16,60,2506071,2.506071
2048,2,30,16,100,2508606,2.508606
1024,2,30,16,40,2509047,2.509047
1024,4,30,16,90,2510930,2.51093
1024,2,30,16,100,2512303,2.512303
2048,4,30,16,90,2512553,2.512553
1024,32,30,16,10,2512694,2.512694
1024,2,30,16,80,2513846,2.513846
4096,4,30,16,0,2517112,2.517112
8192,2,30,16,60,2517873,2.517873
4096,8,30,16,30,2518484,2.518484
4096,8,30,16,50,2519306,2.519306
4096,32,30,16,60,2519496,2.519496
4096,2,30,16,50,2519817,2.519817
2048,64,30,16,0,2519847,2.519847
8192,16,30,16,80,2520268,2.520268
2048,4,30,16,100,2520508,2.520508
1024,32,30,16,100,2520618,2.520618
1024,4,30,16,70,2523013,2.523013
1024,2,30,16,90,2523173,2.523173
2048,16,30,16,80,2523714,2.523714
1024,16,30,16,40,2524896,2.524896
1024,32,30,16,40,2527250,2.52725
2048,16,30,16,50,2529224,2.529224
1024,4,30,16,100,2529705,2.529705
2048,4,30,16,80,2530046,2.530046
1024,4,30,16,20,2531679,2.531679
4096,8,30,16,80,2532070,2.53207
8192,64,30,16,100,2532491,2.532491
1024,4,30,16,80,2535396,2.535396
8192,16,30,16,30,2536287,2.536287
2048,2,30,16,40,2536407,2.536407
4096,2,30,16,70,2539874,2.539874
8192,32,30,16,90,2540014,2.540014
2048,2,30,16,70,2540125,2.540125
2048,16,30,16,20,2542518,2.542518
2048,32,30,16,100,2542920,2.54292
2048,8,30,16,0,2543440,2.54344
1024,64,30,16,80,2543711,2.543711
8192,8,30,16,100,2545995,2.545995
2048,64,30,16,100,2546917,2.546917
4096,64,30,16,70,2547989,2.547989
1024,32,30,16,90,2548200,2.5482
1024,2,30,16,30,2548970,2.54897
2048,8,30,16,10,2550484,2.550484
1024,4,30,16,40,2553218,2.553218
1024,8,30,16,10,2553309,2.553309
1024,32,30,16,50,2554891,2.554891
2048,2,30,16,50,2556896,2.556896
2048,16,30,16,40,2557066,2.557066
8192,8,30,16,30,2558218,2.558218
8192,16,30,16,100,2558338,2.558338
4096,2,30,16,20,2561233,2.561233
4096,8,30,16,90,2561514,2.561514
1024,2,30,16,50,2561564,2.561564
2048,32,30,16,0,2561574,2.561574
1024,2,30,16,10,2561584,2.561584
8192,2,30,16,0,2561985,2.561985
4096,8,30,16,70,2562576,2.562576
4096,32,30,16,50,2562816,2.562816
2048,8,30,16,30,2564449,2.564449
2048,16,30,16,60,2565892,2.565892
4096,64,30,16,90,2566173,2.566173
8192,16,30,16,10,2568196,2.568196
1024,4,30,16,60,2568497,2.568497
4096,32,30,16,20,2568687,2.568687
8192,16,30,16,50,2569569,2.569569
4096,2,30,16,40,2572153,2.572153
1024,2,30,16,20,2572314,2.572314
1024,16,30,16,70,2572414,2.572414
4096,4,30,16,90,2573216,2.573216
1024,16,30,16,60,2573446,2.573446
8192,64,30,16,30,2573476,2.573476
4096,4,30,16,10,2573776,2.573776
4096,8,30,16,10,2575199,2.575199
1024,8,30,16,70,2576251,2.576251
1024,8,30,16,30,2576612,2.576612
1024,16,30,16,10,2577303,2.577303
1024,8,30,16,50,2578305,2.578305
2048,64,30,16,40,2578706,2.578706
4096,16,30,16,40,2581270,2.58127
8192,64,30,16,60,2582573,2.582573
4096,2,30,16,10,2583405,2.583405
8192,4,30,16,90,2583545,2.583545
4096,64,30,16,10,2584757,2.584757
1024,32,30,16,60,2585178,2.585178
1024,64,30,16,20,2586300,2.5863
8192,32,30,16,30,2587222,2.587222
8192,16,30,16,90,2587682,2.587682
4096,64,30,16,0,2588294,2.588294
8192,8,30,16,60,2588544,2.588544
2048,2,30,16,10,2590247,2.590247
4096,2,30,16,30,2590297,2.590297
8192,2,30,16,10,2590358,2.590358
8192,32,30,16,40,2591199,2.591199
2048,2,30,16,80,2592301,2.592301
8192,16,30,16,40,2592452,2.592452
8192,32,30,16,0,2592741,2.592741
4096,8,30,16,60,2593062,2.593062
8192,32,30,16,70,2593844,2.593844
1024,32,30,16,70,2594184,2.594184
1024,8,30,16,0,2596409,2.596409
2048,2,30,16,60,2596799,2.596799
1024,64,30,16,90,2597039,2.597039
2048,32,30,16,90,2597420,2.59742
8192,4,30,16,70,2598743,2.598743
2048,32,30,16,10,2599294,2.599294
1024,8,30,16,60,2599665,2.599665
4096,32,30,16,100,2599965,2.599965
2048,16,30,16,30,2600646,2.600646
4096,16,30,16,50,2602119,2.602119
4096,2,30,16,90,2603321,2.603321
2048,4,30,16,20,2603882,2.603882
8192,2,30,16,50,2604162,2.604162
8192,8,30,16,90,2604534,2.604534
1024,8,30,16,90,2605185,2.605185
4096,4,30,16,40,2605415,2.605415
2048,64,30,16,50,2605976,2.605976
8192,8,30,16,20,2606527,2.606527
8192,64,30,16,20,2607929,2.607929
1024,16,30,16,80,2608691,2.608691
8192,32,30,16,50,2610084,2.610084
8192,2,30,16,30,2610094,2.610094
4096,4,30,16,100,2610835,2.610835
8192,2,30,16,80,2610946,2.610946
4096,64,30,16,50,2611316,2.611316
1024,64,30,16,100,2612799,2.612799
8192,2,30,16,70,2613870,2.61387
2048,32,30,16,80,2617417,2.617417
4096,2,30,16,100,2618881,2.618881
4096,32,30,16,90,2619371,2.619371
2048,32,30,16,70,2619802,2.619802
4096,32,30,16,0,2620323,2.620323
4096,32,30,16,40,2622436,2.622436
1024,16,30,16,20,2624350,2.62435
2048,64,30,16,70,2625853,2.625853
1024,64,30,16,70,2627335,2.627335
8192,16,30,16,20,2627736,2.627736
1024,64,30,16,50,2627946,2.627946
2048,64,30,16,10,2630151,2.630151
4096,16,30,16,30,2630993,2.630993
1024,64,30,16,60,2632575,2.632575
2048,4,30,16,30,2632585,2.632585
2048,32,30,16,20,2632966,2.632966
2048,32,30,16,60,2634649,2.634649
4096,16,30,16,80,2634740,2.63474
1024,2,30,16,70,2637183,2.637183
4096,16,30,16,0,2638446,2.638446
8192,32,30,16,80,2639368,2.639368
1024,8,30,16,100,2639979,2.639979
1024,64,30,16,40,2640269,2.640269
4096,4,30,16,80,2640440,2.64044
1024,8,30,16,80,2641151,2.641151
4096,4,30,16,50,2641181,2.641181
4096,8,30,16,100,2643014,2.643014
2048,64,30,16,80,2650007,2.650007
1024,4,30,16,50,2650158,2.650158
8192,4,30,16,100,2650188,2.650188
4096,16,30,16,100,2650619,2.650619
2048,2,30,16,30,2653224,2.653224
1024,64,30,16,30,2653594,2.653594
8192,8,30,16,10,2653664,2.653664
4096,16,30,16,70,2653714,2.653714
2048,64,30,16,90,2656420,2.65642
2048,8,30,16,90,2656579,2.656579
8192,4,30,16,0,2656900,2.6569
4096,8,30,16,0,2660858,2.660858
8192,4,30,16,30,2661348,2.661348
4096,16,30,16,10,2661479,2.661479
2048,64,30,16,20,2661539,2.661539
4096,4,30,16,20,2663402,2.663402
4096,4,30,16,30,2663643,2.663643
2048,4,30,16,10,2663994,2.663994
8192,4,30,16,80,2665005,2.665005
1024,64,30,16,0,2665576,2.665576
4096,8,30,16,20,2665837,2.665837
1024,8,30,16,40,2665997,2.665997
1024,16,30,16,0,2666688,2.666688
8192,4,30,16,40,2668692,2.668692
8192,8,30,16,80,2669254,2.669254
4096,2,30,16,0,2671918,2.671918
8192,16,30,16,0,2672458,2.672458
8192,64,30,16,90,2675424,2.675424
4096,4,30,16,60,2675515,2.675515
4096,2,30,16,60,2676797,2.676797
8192,8,30,16,50,2681015,2.681015
2048,4,30,16,70,2681977,2.681977
2048,32,30,16,50,2682958,2.682958
8192,64,30,16,80,2683309,2.683309
4096,4,30,16,70,2686084,2.686084
8192,16,30,16,70,2690843,2.690843
4096,64,30,16,30,2692977,2.692977
4096,64,30,16,60,2694270,2.69427
2048,16,30,16,10,2698367,2.698367
2048,8,30,16,50,2700972,2.700972
8192,64,30,16,50,2701613,2.701613
8192,2,30,16,20,2702374,2.702374
4096,64,30,16,20,2705750,2.70575
1024,32,30,16,30,2708846,2.708846
4096,8,30,16,40,2709848,2.709848
4096,32,30,16,80,2710790,2.71079
2048,16,30,16,70,2711010,2.71101
8192,8,30,16,0,2712973,2.712973
8192,64,30,16,0,2713134,2.713134
4096,32,30,16,30,2714698,2.714698
4096,32,30,16,10,2715278,2.715278
8192,32,30,16,20,2726469,2.726469
2048,16,30,16,0,2727811,2.727811
8192,4,30,16,60,2727941,2.727941
1024,16,30,16,100,2729404,2.729404
1024,4,30,16,30,2731368,2.731368
8192,32,30,16,60,2732149,2.732149
8192,4,30,16,50,2734303,2.734303
4096,16,30,16,60,2736918,2.736918
8192,4,30,16,20,2737048,2.737048
8192,64,30,16,10,2737499,2.737499
4096,16,30,16,90,2740875,2.740875
2048,32,30,16,40,2742278,2.742278
1024,2,30,16,60,2746295,2.746295
1024,2,30,16,0,2755432,2.755432
1024,8,30,16,20,2756134,2.756134
2048,16,30,16,100,2773235,2.773235
2048,8,30,16,70,2782622,2.782622
8192,2,30,16,40,2787772,2.787772
8192,2,30,16,100,2792922,2.792922
2048,4,30,16,0,2794114,2.794114
8192,16,30,16,60,2804373,2.804373
8192,8,30,16,70,2813770,2.81377
2048,8,30,16,100,2820483,2.820483
4096,16,30,16,20,2825091,2.825091
2048,4,30,16,50,2832505,2.832505
1024,16,30,16,30,2832535,2.832535
2048,8,30,16,40,2834188,2.834188
8192,32,30,16,10,2845279,2.845279
2048,64,30,16,60,2848024,2.848024
2048,2,30,16,0,2861208,2.861208
1024,4,30,16,10,2868572,2.868572
8192,4,30,16,10,2899248,2.899248
1024,4,30,16,0,2921970,2.92197
4096,64,30,16,100,2933441,2.933441
8192,64,30,16,70,2950112,2.950112
1024,32,30,16,0,2967044,2.967044
1024,64,30,16,10,2979005,2.979005
2048,4,30,16,40,2993423,2.993423
1024,32,30,16,80,2996428,2.996428
2048,8,30,16,80,3005685,3.005685
4096,2,30,16,80,3043315,3.043315
4096,16,30,32,100,3829598,3.829598
2048,4,30,32,50,3865414,3.865414
1024,4,30,32,80,3891202,3.891202
8192,64,30,32,0,3906510,3.90651
4096,4,30,32,60,3910938,3.910938
8192,4,30,32,0,3916779,3.916779
2048,8,30,32,0,3929983,3.929983
2048,64,30,32,40,3931165,3.931165
8192,16,30,32,20,3941274,3.941274
8192,2,30,32,0,3951753,3.951753
8192,4,30,32,90,3953576,3.953576
2048,16,30,32,90,3953617,3.953617
2048,4,30,32,30,3958786,3.958786
1024,2,30,32,20,3959067,3.959067
2048,8,30,32,60,3970077,3.970077
4096,4,30,32,50,3973153,3.973153
4096,8,30,32,10,3976439,3.976439
4096,8,30,32,80,3976709,3.976709
1024,2,30,32,30,3980797,3.980797
8192,16,30,32,0,3985005,3.985005
8192,8,30,32,30,3985034,3.985034
8192,64,30,32,80,3986167,3.986167
4096,4,30,32,80,3987699,3.987699
4096,16,30,32,40,3988061,3.988061
1024,64,30,32,30,3988802,3.988802
2048,2,30,32,90,3992489,3.992489
4096,4,30,32,30,3992759,3.992759
8192,16,30,32,70,3994893,3.994893
8192,4,30,32,80,3995775,3.995775
8192,8,30,32,50,3998439,3.998439
4096,2,30,32,20,3999261,3.999261
1024,8,30,32,50,3999622,3.999622
4096,4,30,32,40,4000083,4.000083
8192,8,30,32,60,4000884,4.000884
1024,4,30,32,40,4001345,4.001345
2048,64,30,32,70,4002647,4.002647
2048,4,30,32,80,4005292,4.005292
4096,2,30,32,50,4006354,4.006354
8192,2,30,32,40,4006504,4.006504
2048,2,30,32,10,4009460,4.00946
4096,2,30,32,90,4009930,4.00993
4096,8,30,32,30,4011864,4.011864
2048,2,30,32,30,4012646,4.012646
2048,16,30,32,0,4013307,4.013307
4096,2,30,32,70,4013888,4.013888
1024,8,30,32,70,4014219,4.014219
8192,4,30,32,30,4015922,4.015922
1024,8,30,32,90,4016934,4.016934
8192,4,30,32,50,4022925,4.022925
4096,16,30,32,10,4023065,4.023065
2048,2,30,32,60,4029236,4.029236
1024,32,30,32,30,4029597,4.029597
2048,2,30,32,0,4030509,4.030509
8192,16,30,32,60,4030829,4.030829
4096,2,30,32,60,4031431,4.031431
2048,2,30,32,50,4032212,4.032212
8192,32,30,32,60,4035358,4.035358
1024,32,30,32,0,4036991,4.036991
8192,64,30,32,30,4040748,4.040748
8192,64,30,32,70,4041229,4.041229
1024,4,30,32,30,4042141,4.042141
2048,2,30,32,80,4044224,4.044224
8192,2,30,32,90,4044374,4.044374
2048,4,30,32,70,4044595,4.044595
4096,32,30,32,50,4045947,4.045947
1024,8,30,32,80,4047490,4.04749
2048,4,30,32,40,4048202,4.048202
8192,2,30,32,30,4050345,4.050345
2048,4,30,32,100,4051107,4.051107
4096,32,30,32,20,4053101,4.053101
1024,8,30,32,0,4053281,4.053281
1024,2,30,32,80,4054182,4.054182
8192,4,30,32,100,4055876,4.055876
2048,16,30,32,10,4056047,4.056047
1024,4,30,32,100,4056487,4.056487
8192,2,30,32,60,4057609,4.057609
4096,32,30,32,10,4057759,4.057759
8192,32,30,32,10,4058260,4.05826
4096,8,30,32,40,4058321,4.058321
8192,4,30,32,10,4058671,4.058671
4096,16,30,32,30,4059122,4.059122
1024,4,30,32,0,4064642,4.064642
8192,2,30,32,80,4068740,4.06874
4096,16,30,32,0,4069401,4.069401
8192,2,30,32,10,4069971,4.069971
1024,2,30,32,0,4070052,4.070052
2048,64,30,32,50,4071715,4.071715
4096,4,30,32,70,4072707,4.072707
8192,32,30,32,0,4072848,4.072848
1024,4,30,32,90,4073859,4.073859
4096,2,30,32,40,4074731,4.074731
8192,2,30,32,50,4074891,4.074891
4096,32,30,32,100,4078958,4.078958
4096,2,30,32,30,4080151,4.080151
2048,16,30,32,40,4081162,4.081162
8192,32,30,32,90,4082535,4.082535
1024,64,30,32,80,4082725,4.082725
1024,2,30,32,90,4083687,4.083687
2048,4,30,32,90,4083958,4.083958
2048,8,30,32,90,4085992,4.085992
4096,2,30,32,100,4086372,4.086372
2048,64,30,32,30,4086592,4.086592
1024,4,30,32,10,4087003,4.087003
1024,8,30,32,40,4087204,4.087204
1024,32,30,32,70,4091100,4.0911
1024,2,30,32,10,4091622,4.091622
1024,32,30,32,50,4092383,4.092383
2048,2,30,32,20,4096290,4.09629
8192,2,30,32,70,4096581,4.096581
2048,16,30,32,100,4097202,4.097202
8192,16,30,32,100,4097833,4.097833
1024,32,30,32,20,4101140,4.10114
2048,4,30,32,60,4102652,4.102652
1024,32,30,32,90,4105737,4.105737
1024,8,30,32,20,4106660,4.10666
8192,64,30,32,90,4108113,4.108113
1024,4,30,32,20,4109154,4.109154
1024,64,30,32,90,4110878,4.110878
8192,4,30,32,20,4111589,4.111589
4096,2,30,32,0,4113252,4.113252
1024,2,30,32,100,4113502,4.113502
8192,16,30,32,40,4113733,4.113733
4096,16,30,32,70,4113863,4.113863
4096,32,30,32,30,4116067,4.116067
2048,8,30,32,50,4116678,4.116678
2048,16,30,32,50,4120655,4.120655
1024,64,30,32,100,4121296,4.121296
8192,2,30,32,20,4122489,4.122489
4096,2,30,32,80,4125845,4.125845
2048,2,30,32,100,4125855,4.125855
8192,64,30,32,40,4126346,4.126346
2048,64,30,32,60,4126576,4.126576
4096,8,30,32,20,4126576,4.126576
8192,4,30,32,40,4127277,4.127277
4096,8,30,32,70,4127728,4.127728
1024,32,30,32,40,4128781,4.128781
4096,4,30,32,100,4128791,4.128791
1024,16,30,32,90,4130313,4.130313
4096,32,30,32,60,4130814,4.130814
8192,32,30,32,50,4131135,4.131135
2048,32,30,32,20,4135202,4.135202
8192,64,30,32,60,4136394,4.136394
2048,16,30,32,80,4138168,4.138168
8192,8,30,32,20,4139921,4.139921
2048,32,30,32,70,4140683,4.140683
8192,16,30,32,10,4143789,4.143789
2048,32,30,32,50,4145050,4.14505
8192,4,30,32,70,4146684,4.146684
4096,16,30,32,90,4149399,4.149399
8192,32,30,32,40,4150361,4.150361
4096,64,30,32,40,4150731,4.150731
4096,32,30,32,40,4152004,4.152004
2048,64,30,32,100,4152024,4.152024
2048,4,30,32,0,4154708,4.154708
2048,8,30,32,20,4158585,4.158585
1024,32,30,32,60,4163104,4.163104
2048,64,30,32,0,4165549,4.165549
2048,16,30,32,20,4167613,4.167613
4096,4,30,32,0,4170738,4.170738
4096,64,30,32,60,4172461,4.172461
1024,16,30,32,60,4177500,4.1775
4096,8,30,32,100,4179614,4.179614
8192,8,30,32,80,4182380,4.18238
8192,4,30,32,60,4184343,4.184343
1024,64,30,32,0,4185064,4.185064
2048,32,30,32,40,4186277,4.186277
4096,64,30,32,0,4187990,4.18799
4096,32,30,32,90,4190915,4.190915
1024,64,30,32,20,4195283,4.195283
1024,4,30,32,50,4195424,4.195424
8192,16,30,32,50,4195964,4.195964
8192,64,30,32,20,4196316,4.196316
1024,4,30,32,60,4198729,4.198729
2048,32,30,32,90,4198850,4.19885
1024,2,30,32,60,4202557,4.202557
8192,32,30,32,30,4203870,4.20387
4096,8,30,32,90,4204170,4.20417
1024,2,30,32,70,4205192,4.205192
2048,8,30,32,100,4207405,4.207405
4096,4,30,32,10,4207416,4.207416
1024,8,30,32,10,4208879,4.208879
2048,32,30,32,30,4209710,4.20971
4096,64,30,32,20,4210312,4.210312
2048,16,30,32,60,4213998,4.213998
1024,8,30,32,30,4214339,4.214339
8192,8,30,32,10,4214419,4.214419
1024,2,30,32,40,4215010,4.21501
1024,16,30,32,40,4216282,4.216282
1024,16,30,32,50,4218687,4.218687
1024,4,30,32,70,4223876,4.223876
4096,4,30,32,90,4226481,4.226481
4096,16,30,32,60,4227693,4.227693
4096,16,30,32,20,4227763,4.227763
1024,16,30,32,100,4228294,4.228294
4096,32,30,32,80,4232983,4.232983
1024,64,30,32,10,4242391,4.242391
4096,8,30,32,50,4243282,4.243282
2048,64,30,32,10,4245066,4.245066
2048,64,30,32,90,4247400,4.2474
2048,8,30,32,10,4247841,4.247841
1024,16,30,32,70,4249043,4.249043
1024,8,30,32,100,4254363,4.254363
1024,2,30,32,50,4256607,4.256607
4096,32,30,32,70,4257238,4.257238
1024,64,30,32,60,4260734,4.260734
1024,8,30,32,60,4261445,4.261445
2048,32,30,32,10,4262988,4.262988
2048,8,30,32,70,4264341,4.264341
8192,8,30,32,90,4265954,4.265954
2048,4,30,32,20,4274369,4.274369
2048,32,30,32,0,4275642,4.275642
2048,16,30,32,70,4279279,4.279279
8192,8,30,32,70,4281904,4.281904
4096,8,30,32,0,4282064,4.282064
4096,32,30,32,0,4282214,4.282214
2048,8,30,32,80,4284919,4.284919
4096,2,30,32,10,4285551,4.285551
2048,8,30,32,30,4289026,4.289026
2048,32,30,32,100,4290780,4.29078
1024,16,30,32,20,4291831,4.291831
4096,4,30,32,20,4292804,4.292804
4096,16,30,32,80,4293145,4.293145
1024,16,30,32,30,4299896,4.299896
1024,64,30,32,40,4305907,4.305907
8192,64,30,32,50,4309144,4.309144
8192,32,30,32,100,4311538,4.311538
1024,64,30,32,70,4313021,4.313021
8192,64,30,32,100,4313602,4.313602
4096,64,30,32,100,4314845,4.314845
2048,2,30,32,70,4318952,4.318952
2048,2,30,32,40,4319744,4.319744
4096,16,30,32,50,4323159,4.323159
8192,32,30,32,20,4323620,4.32362
1024,16,30,32,80,4329511,4.329511
2048,16,30,32,30,4329872,4.329872
8192,8,30,32,40,4332477,4.332477
2048,4,30,32,10,4348436,4.348436
8192,16,30,32,30,4348687,4.348687
2048,64,30,32,20,4354838,4.354838
8192,16,30,32,90,4357663,4.357663
1024,16,30,32,0,4363153,4.363153
4096,64,30,32,10,4367511,4.367511
2048,32,30,32,80,4376969,4.376969
8192,8,30,32,0,4384343,4.384343
8192,32,30,32,70,4390895,4.390895
4096,8,30,32,60,4397517,4.397517
4096,64,30,32,70,4419067,4.419067
8192,16,30,32,80,4436058,4.436058
1024,32,30,32,100,4436499,4.436499
2048,8,30,32,40,4436950,4.43695
2048,64,30,32,80,4439135,4.439135
2048,32,30,32,60,4442080,4.44208
8192,64,30,32,10,4447179,4.447179
1024,32,30,32,80,4451386,4.451386
8192,8,30,32,100,4459962,4.459962
8192,2,30,32,100,4472646,4.472646
4096,64,30,32,80,4472826,4.472826
1024,32,30,32,10,4476003,4.476003
8192,32,30,32,80,4488385,4.488385
1024,64,30,32,50,4510105,4.510105
4096,64,30,32,30,4520435,4.520435
4096,64,30,32,90,4668458,4.668458
4096,64,30,32,50,4708311,4.708311
1024,16,30,32,10,4990713,4.990713
2048,8,30,64,100,6823680,6.82368
8192,4,30,64,40,8798180,8.79818
4096,16,30,64,30,8811725,8.811725
4096,32,30,64,30,8814240,8.81424
1024,4,30,64,70,8832904,8.832904
4096,32,30,64,50,8839436,8.839436
2048,4,30,64,40,8844586,8.844586
8192,4,30,64,50,8854635,8.854635
4096,16,30,64,10,8868721,8.868721
4096,8,30,64,50,8879109,8.879109
8192,16,30,64,80,8889719,8.889719
8192,32,30,64,10,8891112,8.891112
1024,64,30,64,0,8891843,8.891843
1024,8,30,64,80,8894898,8.894898
4096,32,30,64,90,8899317,8.899317
2048,4,30,64,70,8904346,8.904346
1024,32,30,64,10,8904547,8.904547
1024,32,30,64,80,8913063,8.913063
2048,64,30,64,30,8916248,8.916248
2048,64,30,64,50,8916288,8.916288
8192,64,30,64,0,8916779,8.916779
2048,8,30,64,90,8917811,8.917811
1024,4,30,64,60,8923873,8.923873
1024,32,30,64,100,8924694,8.924694
8192,64,30,64,50,8927609,8.927609
4096,16,30,64,20,8937818,8.937818
2048,4,30,64,20,8938520,8.93852
8192,32,30,64,40,8948088,8.948088
1024,64,30,64,70,8949951,8.949951
8192,16,30,64,60,8955721,8.955721
1024,64,30,64,100,8956573,8.956573
4096,2,30,64,80,8973915,8.973915
4096,16,30,64,100,8978323,8.978323
8192,2,30,64,70,8981610,8.98161
8192,64,30,64,100,8985045,8.985045
4096,2,30,64,20,8990226,8.990226
4096,2,30,64,10,8990706,8.990706
2048,2,30,64,60,8992269,8.992269
1024,4,30,64,10,8992670,8.99267
4096,8,30,64,60,8994162,8.994162
1024,2,30,64,80,8994453,8.994453
2048,4,30,64,50,8994553,8.994553
8192,16,30,64,100,8995044,8.995044
1024,8,30,64,10,8996677,8.996677
8192,64,30,64,40,9000033,9.000033
1024,64,30,64,50,9000093,9.000093
4096,2,30,64,100,9001916,9.001916
2048,8,30,64,60,9008819,9.008819
2048,4,30,64,30,9011465,9.011465
1024,32,30,64,90,9012136,9.012136
1024,2,30,64,60,9012476,9.012476
1024,2,30,64,0,9014019,9.014019
4096,16,30,64,90,9019389,9.019389
4096,32,30,64,70,9019610,9.01961
4096,4,30,64,80,9020360,9.02036
4096,16,30,64,70,9021242,9.021242
8192,64,30,64,70,9030069,9.030069
1024,4,30,64,100,9031491,9.031491
8192,8,30,64,80,9038774,9.038774
2048,8,30,64,30,9039125,9.039125
2048,8,30,64,50,9050346,9.050346
2048,64,30,64,20,9052130,9.05213
4096,4,30,64,100,9052240,9.05224
8192,4,30,64,70,9053322,9.053322
4096,4,30,64,10,9055796,9.055796
4096,32,30,64,20,9056968,9.056968
8192,2,30,64,0,9057109,9.057109
1024,16,30,64,40,9058301,9.058301
1024,8,30,64,40,9060114,9.060114
8192,32,30,64,0,9060295,9.060295
2048,32,30,64,0,9060905,9.060905
1024,2,30,64,50,9062478,9.062478
1024,8,30,64,20,9063561,9.063561
4096,4,30,64,40,9067417,9.067417
1024,4,30,64,80,9067679,9.067679
1024,8,30,64,90,9069973,9.069973
2048,8,30,64,80,9073318,9.073318
2048,16,30,64,50,9073890,9.07389
1024,8,30,64,100,9076585,9.076585
2048,16,30,64,90,9077416,9.077416
4096,32,30,64,80,9077676,9.077676
1024,8,30,64,0,9079791,9.079791
1024,64,30,64,90,9081153,9.081153
8192,32,30,64,70,9087836,9.087836
2048,16,30,64,100,9090531,9.090531
4096,8,30,64,90,9094678,9.094678
2048,2,30,64,0,9095720,9.09572
8192,32,30,64,100,9102042,9.102042
2048,16,30,64,20,9102082,9.102082
4096,16,30,64,80,9102894,9.102894
8192,2,30,64,40,9104596,9.104596
2048,4,30,64,60,9106329,9.106329
2048,8,30,64,70,9108203,9.108203
2048,8,30,64,10,9108935,9.108935
8192,4,30,64,20,9110156,9.110156
4096,2,30,64,40,9112141,9.112141
2048,32,30,64,40,9117350,9.11735
1024,16,30,64,10,9117561,9.117561
4096,2,30,64,30,9120506,9.120506
8192,4,30,64,90,9120806,9.120806
8192,64,30,64,30,9120946,9.120946
2048,4,30,64,80,9121808,9.121808
4096,8,30,64,30,9123081,9.123081
1024,2,30,64,10,9128881,9.128881
2048,2,30,64,90,9132588,9.132588
1024,8,30,64,30,9135854,9.135854
1024,64,30,64,80,9136765,9.136765
8192,2,30,64,80,9137868,9.137868
4096,2,30,64,70,9147406,9.147406
4096,32,30,64,60,9147696,9.147696
4096,4,30,64,20,9148387,9.148387
8192,4,30,64,60,9151002,9.151002
4096,8,30,64,20,9153226,9.153226
8192,2,30,64,30,9157033,9.157033
4096,2,30,64,50,9159117,9.159117
8192,16,30,64,90,9159328,9.159328
8192,8,30,64,40,9161652,9.161652
8192,8,30,64,70,9162553,9.162553
1024,4,30,64,30,9163395,9.163395
2048,2,30,64,100,9164477,9.164477
8192,2,30,64,50,9165489,9.165489
8192,2,30,64,60,9167121,9.167121
4096,16,30,64,50,9167242,9.167242
8192,2,30,64,90,9167412,9.167412
8192,32,30,64,90,9170549,9.170549
4096,16,30,64,40,9172382,9.172382
1024,2,30,64,30,9175528,9.175528
2048,2,30,64,20,9175978,9.175978
8192,16,30,64,40,9175988,9.175988
1024,4,30,64,40,9180106,9.180106
4096,8,30,64,70,9181759,9.181759
1024,2,30,64,90,9184263,9.184263
4096,2,30,64,0,9184965,9.184965
2048,2,30,64,40,9185746,9.185746
2048,64,30,64,70,9192188,9.192188
1024,64,30,64,20,9194272,9.194272
1024,16,30,64,30,9196817,9.196817
1024,4,30,64,20,9200955,9.200955
1024,8,30,64,70,9207687,9.207687
4096,4,30,64,90,9208678,9.208678
4096,8,30,64,40,9208939,9.208939
8192,32,30,64,50,9210412,9.210412
1024,2,30,64,100,9210863,9.210863
8192,64,30,64,60,9215531,9.215531
2048,4,30,64,10,9217775,9.217775
1024,16,30,64,80,9219759,9.219759
4096,64,30,64,20,9222494,9.222494
2048,16,30,64,40,9224809,9.224809
2048,8,30,64,20,9226652,9.226652
2048,64,30,64,100,9226672,9.226672
1024,8,30,64,50,9227804,9.227804
8192,64,30,64,10,9231050,9.23105
2048,32,30,64,30,9232042,9.232042
2048,2,30,64,80,9232453,9.232453
2048,64,30,64,90,9233535,9.233535
1024,64,30,64,30,9234276,9.234276
8192,4,30,64,100,9234746,9.234746
8192,16,30,64,10,9235268,9.235268
4096,64,30,64,10,9236310,9.23631
2048,64,30,64,80,9236359,9.236359
1024,2,30,64,70,9238443,9.238443
1024,16,30,64,70,9239356,9.239356
1024,32,30,64,30,9242311,9.242311
2048,4,30,64,90,9243313,9.243313
4096,32,30,64,40,9243643,9.243643
1024,32,30,64,70,9247490,9.24749
4096,8,30,64,10,9248352,9.248352
1024,64,30,64,60,9248633,9.248633
8192,16,30,64,70,9249103,9.249103
1024,32,30,64,40,9251488,9.251488
2048,4,30,64,0,9251778,9.251778
8192,4,30,64,10,9251848,9.251848
1024,4,30,64,50,9258300,9.2583
2048,8,30,64,0,9260374,9.260374
8192,8,30,64,30,9261336,9.261336
4096,4,30,64,60,9262669,9.262669
1024,32,30,64,60,9266585,9.266585
8192,32,30,64,80,9267657,9.267657
8192,32,30,64,20,9274721,9.274721
4096,4,30,64,50,9274981,9.274981
4096,32,30,64,10,9278488,9.278488
8192,16,30,64,50,9283026,9.283026
1024,32,30,64,0,9283887,9.283887
8192,16,30,64,30,9285862,9.285862
8192,64,30,64,90,9287915,9.287915
4096,32,30,64,100,9297162,9.297162
4096,8,30,64,100,9298235,9.298235
2048,32,30,64,20,9300719,9.300719
4096,64,30,64,0,9301030,9.30103
2048,64,30,64,0,9304386,9.304386
2048,2,30,64,10,9305988,9.305988
4096,2,30,64,90,9309956,9.309956
4096,8,30,64,0,9311088,9.311088
8192,16,30,64,20,9316538,9.316538
4096,64,30,64,40,9331415,9.331415
1024,16,30,64,100,9334291,9.334291
2048,64,30,64,40,9338619,9.338619
4096,16,30,64,60,9339010,9.33901
4096,2,30,64,60,9341865,9.341865
2048,64,30,64,60,9342035,9.342035
8192,8,30,64,50,9344269,9.344269
8192,4,30,64,30,9346984,9.346984
2048,32,30,64,10,9350030,9.35003
1024,16,30,64,0,9351272,9.351272
4096,64,30,64,80,9360238,9.360238
4096,4,30,64,70,9364537,9.364537
8192,8,30,64,100,9365709,9.365709
2048,2,30,64,30,9366050,9.36605
1024,64,30,64,10,9367692,9.367692
8192,32,30,64,60,9371029,9.371029
8192,16,30,64,0,9371089,9.371089
1024,32,30,64,50,9375938,9.375938
8192,8,30,64,0,9383923,9.383923
1024,4,30,64,90,9384022,9.384022
8192,32,30,64,30,9385386,9.385386
2048,32,30,64,60,9387539,9.387539
2048,4,30,64,100,9391787,9.391787
4096,4,30,64,0,9397879,9.397879
8192,8,30,64,10,9398550,9.39855
2048,32,30,64,100,9400933,9.400933
1024,64,30,64,40,9404020,9.40402
4096,32,30,64,0,9405582,9.405582
8192,8,30,64,60,9406514,9.406514
2048,16,30,64,80,9406615,9.406615
8192,64,30,64,20,9408969,9.408969
1024,16,30,64,90,9409711,9.409711
1024,2,30,64,20,9409851,9.409851
2048,16,30,64,10,9417715,9.417715
2048,64,30,64,10,9419398,9.419398
2048,16,30,64,60,9419989,9.419989
2048,16,30,64,70,9433354,9.433354
8192,4,30,64,80,9436801,9.436801
1024,32,30,64,20,9447139,9.447139
1024,16,30,64,20,9452219,9.452219
2048,16,30,64,30,9455204,9.455204
4096,64,30,64,30,9456988,9.456988
1024,4,30,64,0,9467778,9.467778
4096,64,30,64,60,9473287,9.473287
8192,2,30,64,10,9477976,9.477976
8192,64,30,64,80,9484268,9.484268
4096,8,30,64,80,9485511,9.485511
1024,16,30,64,50,9490800,9.4908
2048,8,30,64,40,9494948,9.494948
8192,2,30,64,20,9521847,9.521847
8192,8,30,64,90,9549619,9.549619
8192,4,30,64,0,9549909,9.549909
4096,64,30,64,50,9559697,9.559697
1024,16,30,64,60,9561230,9.56123
1024,2,30,64,40,9570287,9.570287
4096,64,30,64,100,9578543,9.578543
8192,2,30,64,100,9584654,9.584654
2048,32,30,64,90,9586187,9.586187
4096,16,30,64,0,9603458,9.603458
2048,32,30,64,50,9615270,9.61527
2048,16,30,64,0,9622834,9.622834
2048,32,30,64,80,9634736,9.634736
8192,8,30,64,20,9663990,9.66399
4096,4,30,64,30,9667587,9.667587
1024,8,30,64,60,9670242,9.670242
4096,64,30,64,90,9676814,9.676814
2048,2,30,64,70,9766870,9.76687
2048,2,30,64,50,9907460,9.90746
2048,32,30,64,70,9945811,9.945811
4096,64,30,64,70,10332746,10.332746