tamanhoMem,minBloco,requisicoes, - ,cleaningPercent,execucao,real_time,user_time,sys_time,max_memory_kb
1024,2,10,1,0,1,0.04,0.04,0.02,41800
1024,2,10,1,10,1,0.04,0.04,0.02,41572
1024,2,10,1,20,1,0.04,0.04,0.01,41772
1024,2,10,1,30,1,0.04,0.04,0.02,41432
1024,2,10,1,40,1,0.04,0.03,0.02,41148
1024,2,10,1,50,1,0.04,0.04,0.01,41712
1024,2,10,1,60,1,0.04,0.04,0.01,41492
1024,2,10,1,70,1,0.04,0.04,0.02,41308
1024,2,10,1,80,1,0.04,0.05,0.01,41320
1024,2,10,1,90,1,0.04,0.04,0.01,41728
1024,2,10,1,100,1,0.04,0.04,0.01,41216
1024,2,20,1,0,1,0.04,0.05,0.02,41720
1024,2,20,1,10,1,0.04,0.04,0.02,41636
1024,2,20,1,20,1,0.04,0.04,0.02,41372
1024,2,20,1,30,1,0.04,0.04,0.02,41632
1024,2,20,1,40,1,0.04,0.05,0.02,41552
1024,2,20,1,50,1,0.04,0.04,0.02,41820
1024,2,20,1,60,1,0.04,0.04,0.02,41580
1024,2,20,1,70,1,0.04,0.05,0.01,41940
1024,2,20,1,80,1,0.05,0.05,0.01,41292
1024,2,20,1,90,1,0.04,0.04,0.02,41980
1024,2,20,1,100,1,0.04,0.04,0.02,41464
1024,2,30,1,0,1,0.05,0.05,0.02,41748
1024,2,30,1,10,1,0.04,0.05,0.02,42020
1024,2,30,1,20,1,0.04,0.05,0.02,41800
1024,2,30,1,30,1,0.05,0.06,0.01,42436
1024,2,30,1,40,1,0.05,0.05,0.02,41852
1024,2,30,1,50,1,0.05,0.05,0.02,41552
1024,2,30,1,60,1,0.05,0.05,0.02,41980
1024,2,30,1,70,1,0.04,0.05,0.02,42004
1024,2,30,1,80,1,0.05,0.05,0.02,41920
1024,2,30,1,90,1,0.05,0.05,0.02,42056
1024,2,30,1,100,1,0.04,0.05,0.02,41920
1024,2,40,1,0,1,0.04,0.06,0.01,41780
1024,2,40,1,10,1,0.04,0.05,0.02,41516
1024,2,40,1,20,1,0.04,0.05,0.02,42380
1024,2,40,1,30,1,0.04,0.05,0.02,42488
1024,2,40,1,40,1,0.04,0.05,0.02,42056
1024,2,40,1,50,1,0.04,0.05,0.02,41868
1024,2,40,1,60,1,0.04,0.05,0.02,42244
1024,2,40,1,70,1,0.04,0.06,0.01,42236
1024,2,40,1,80,1,0.04,0.06,0.01,42236
1024,2,40,1,90,1,0.04,0.05,0.01,42388
1024,2,40,1,100,1,0.04,0.06,0.01,42064
1024,2,50,1,0,1,0.04,0.05,0.02,42212
1024,2,50,1,10,1,0.04,0.06,0.01,42216
1024,2,50,1,20,1,0.04,0.05,0.02,41984
1024,2,50,1,30,1,0.04,0.04,0.03,42004
1024,2,50,1,40,1,0.04,0.06,0.01,41996
1024,2,50,1,50,1,0.04,0.06,0.02,42316
1024,2,50,1,60,1,0.04,0.05,0.02,41996
1024,2,50,1,70,1,0.04,0.05,0.02,42024
1024,2,50,1,80,1,0.04,0.05,0.02,42320
1024,2,50,1,90,1,0.04,0.06,0.01,41688
1024,2,50,1,100,1,0.04,0.05,0.02,42444
1024,2,60,1,0,1,0.04,0.05,0.02,42152
1024,2,60,1,10,1,0.05,0.06,0.02,42324
1024,2,60,1,20,1,0.04,0.06,0.02,42364
1024,2,60,1,30,1,0.04,0.06,0.02,42052
1024,2,60,1,40,1,0.04,0.06,0.01,42304
1024,2,60,1,50,1,0.04,0.05,0.02,42412
1024,2,60,1,60,1,0.05,0.05,0.02,42076
1024,2,60,1,70,1,0.04,0.05,0.02,42504
1024,2,60,1,80,1,0.04,0.05,0.02,42340
1024,2,60,1,90,1,0.04,0.06,0.02,42168
1024,2,60,1,100,1,0.04,0.05,0.02,42368
1024,2,100,1,0,1,0.04,0.07,0.01,43620
1024,2,100,1,10,1,0.04,0.06,0.02,43124
1024,2,100,1,20,1,0.05,0.06,0.02,43920
1024,2,100,1,30,1,0.05,0.06,0.02,43536
1024,2,100,1,40,1,0.05,0.06,0.02,43292
1024,2,100,1,50,1,0.04,0.06,0.02,43064
1024,2,100,1,60,1,0.05,0.07,0.01,43576
1024,2,100,1,70,1,0.05,0.06,0.02,44000
1024,2,100,1,80,1,0.05,0.07,0.02,43128
1024,2,100,1,90,1,0.05,0.06,0.02,43716
1024,2,100,1,100,1,0.04,0.06,0.02,43912
1024,2,1000,1,0,1,0.06,0.09,0.02,44304
1024,2,1000,1,10,1,0.06,0.08,0.03,44860
1024,2,1000,1,20,1,0.06,0.09,0.02,44508
1024,2,1000,1,30,1,0.06,0.08,0.02,44740
1024,2,1000,1,40,1,0.06,0.09,0.02,44348
1024,2,1000,1,50,1,0.06,0.09,0.02,44872
1024,2,1000,1,60,1,0.06,0.09,0.02,44644
1024,2,1000,1,70,1,0.06,0.09,0.02,45016
1024,2,1000,1,80,1,0.06,0.09,0.02,44868
1024,2,1000,1,90,1,0.06,0.09,0.02,44680
1024,2,1000,1,100,1,0.06,0.09,0.02,44552
1024,4,10,1,0,1,0.04,0.04,0.02,41472
1024,4,10,1,10,1,0.04,0.04,0.01,41832
1024,4,10,1,20,1,0.04,0.04,0.02,41796
1024,4,10,1,30,1,0.04,0.03,0.02,41756
1024,4,10,1,40,1,0.03,0.04,0.02,41804
1024,4,10,1,50,1,0.03,0.04,0.01,41456
1024,4,10,1,60,1,0.03,0.04,0.02,41656
1024,4,10,1,70,1,0.04,0.04,0.01,41732
1024,4,10,1,80,1,0.04,0.03,0.02,41724
1024,4,10,1,90,1,0.04,0.04,0.01,41484
1024,4,10,1,100,1,0.04,0.04,0.02,41760
1024,4,20,1,0,1,0.04,0.04,0.02,41780
1024,4,20,1,10,1,0.04,0.05,0.01,41664
1024,4,20,1,20,1,0.05,0.05,0.02,41740
1024,4,20,1,30,1,0.04,0.05,0.01,41932
1024,4,20,1,40,1,0.04,0.04,0.02,41768
1024,4,20,1,50,1,0.04,0.04,0.02,41624
1024,4,20,1,60,1,0.05,0.05,0.02,41828
1024,4,20,1,70,1,0.04,0.04,0.02,41764
1024,4,20,1,80,1,0.05,0.05,0.02,41708
1024,4,20,1,90,1,0.05,0.04,0.02,41672
1024,4,20,1,100,1,0.04,0.05,0.01,42100
1024,4,30,1,0,1,0.05,0.05,0.02,41784
1024,4,30,1,10,1,0.04,0.05,0.02,42356
1024,4,30,1,20,1,0.05,0.05,0.02,41552
1024,4,30,1,30,1,0.04,0.05,0.01,42072
1024,4,30,1,40,1,0.04,0.05,0.02,42532
1024,4,30,1,50,1,0.04,0.05,0.01,41900
1024,4,30,1,60,1,0.04,0.05,0.02,42140
1024,4,30,1,70,1,0.04,0.04,0.02,41928
1024,4,30,1,80,1,0.04,0.04,0.02,41920
1024,4,30,1,90,1,0.04,0.04,0.02,41972
1024,4,30,1,100,1,0.04,0.05,0.02,42196
1024,4,40,1,0,1,0.04,0.05,0.02,42004
1024,4,40,1,10,1,0.04,0.05,0.02,41772
1024,4,40,1,20,1,0.04,0.05,0.02,41600
1024,4,40,1,30,1,0.04,0.05,0.02,42188
1024,4,40,1,40,1,0.04,0.05,0.02,41972
1024,4,40,1,50,1,0.04,0.05,0.02,42104
1024,4,40,1,60,1,0.04,0.06,0.01,42048
1024,4,40,1,70,1,0.04,0.05,0.02,42444
1024,4,40,1,80,1,0.04,0.06,0.01,42056
1024,4,40,1,90,1,0.04,0.05,0.02,42160
1024,4,40,1,100,1,0.04,0.05,0.02,42272
1024,4,50,1,0,1,0.04,0.05,0.02,42476
1024,4,50,1,10,1,0.04,0.05,0.02,42168
1024,4,50,1,20,1,0.04,0.06,0.01,42172
1024,4,50,1,30,1,0.04,0.06,0.01,41848
1024,4,50,1,40,1,0.04,0.05,0.02,42232
1024,4,50,1,50,1,0.04,0.04,0.03,42064
1024,4,50,1,60,1,0.04,0.06,0.01,42044
1024,4,50,1,70,1,0.04,0.05,0.02,42192
1024,4,50,1,80,1,0.04,0.05,0.02,42080
1024,4,50,1,90,1,0.04,0.05,0.02,42048
1024,4,50,1,100,1,0.04,0.05,0.02,42272
1024,4,60,1,0,1,0.05,0.05,0.02,42188
1024,4,60,1,10,1,0.05,0.06,0.02,41972
1024,4,60,1,20,1,0.05,0.06,0.02,42168
1024,4,60,1,30,1,0.05,0.06,0.01,41800
1024,4,60,1,40,1,0.04,0.06,0.02,42404
1024,4,60,1,50,1,0.05,0.05,0.02,41796
1024,4,60,1,60,1,0.05,0.05,0.02,42240
1024,4,60,1,70,1,0.05,0.05,0.02,42188
1024,4,60,1,80,1,0.05,0.05,0.02,41876
1024,4,60,1,90,1,0.05,0.06,0.01,42616
1024,4,60,1,100,1,0.04,0.06,0.02,42496
1024,4,100,1,0,1,0.05,0.06,0.02,43272
1024,4,100,1,10,1,0.05,0.07,0.02,43288
1024,4,100,1,20,1,0.05,0.07,0.01,42948
1024,4,100,1,30,1,0.05,0.07,0.02,42896
1024,4,100,1,40,1,0.05,0.06,0.02,43044
1024,4,100,1,50,1,0.04,0.06,0.02,43004
1024,4,100,1,60,1,0.05,0.06,0.02,43708
1024,4,100,1,70,1,0.05,0.06,0.03,43112
1024,4,100,1,80,1,0.05,0.06,0.02,42988
1024,4,100,1,90,1,0.05,0.07,0.01,43160
1024,4,100,1,100,1,0.05,0.06,0.02,42944
1024,4,1000,1,0,1,0.06,0.08,0.02,44220
1024,4,1000,1,10,1,0.06,0.08,0.02,42772
1024,4,1000,1,20,1,0.06,0.08,0.02,44392
1024,4,1000,1,30,1,0.06,0.08,0.02,43324
1024,4,1000,1,40,1,0.06,0.07,0.02,43636
1024,4,1000,1,50,1,0.06,0.08,0.02,44388
1024,4,1000,1,60,1,0.06,0.07,0.02,43308
1024,4,1000,1,70,1,0.05,0.08,0.02,43648
1024,4,1000,1,80,1,0.06,0.08,0.02,43688
1024,4,1000,1,90,1,0.06,0.07,0.02,43372
1024,4,1000,1,100,1,0.05,0.07,0.02,43216
1024,8,10,1,0,1,0.05,0.04,0.01,41636
1024,8,10,1,10,1,0.03,0.04,0.02,42140
1024,8,10,1,20,1,0.05,0.04,0.02,41152
1024,8,10,1,30,1,0.03,0.04,0.01,41404
1024,8,10,1,40,1,0.03,0.04,0.02,41592
1024,8,10,1,50,1,0.04,0.04,0.02,41584
1024,8,10,1,60,1,0.04,0.04,0.02,41280
1024,8,10,1,70,1,0.05,0.04,0.02,42096
1024,8,10,1,80,1,0.04,0.04,0.02,41608
1024,8,10,1,90,1,0.04,0.04,0.02,41720
1024,8,10,1,100,1,0.04,0.04,0.01,41672
1024,8,20,1,0,1,0.04,0.04,0.02,41380
1024,8,20,1,10,1,0.04,0.05,0.01,41892
1024,8,20,1,20,1,0.05,0.04,0.02,41588
1024,8,20,1,30,1,0.04,0.05,0.01,41504
1024,8,20,1,40,1,0.04,0.05,0.01,41952
1024,8,20,1,50,1,0.04,0.04,0.02,41624
1024,8,20,1,60,1,0.04,0.05,0.01,41676
1024,8,20,1,70,1,0.04,0.04,0.02,41736
1024,8,20,1,80,1,0.04,0.05,0.01,42020
1024,8,20,1,90,1,0.05,0.04,0.02,41540
1024,8,20,1,100,1,0.04,0.04,0.02,41672
1024,8,30,1,0,1,0.04,0.06,0.01,41968
1024,8,30,1,10,1,0.04,0.04,0.02,42212
1024,8,30,1,20,1,0.04,0.04,0.02,41972
1024,8,30,1,30,1,0.04,0.05,0.02,42036
1024,8,30,1,40,1,0.04,0.05,0.02,42152
1024,8,30,1,50,1,0.04,0.05,0.02,42328
1024,8,30,1,60,1,0.04,0.05,0.02,41772
1024,8,30,1,70,1,0.04,0.05,0.02,41888
1024,8,30,1,80,1,0.04,0.05,0.02,41520
1024,8,30,1,90,1,0.04,0.05,0.02,42388
1024,8,30,1,100,1,0.04,0.04,0.02,42048
1024,8,40,1,0,1,0.04,0.05,0.02,42428
1024,8,40,1,10,1,0.04,0.06,0.01,42272
1024,8,40,1,20,1,0.04,0.05,0.02,42204
1024,8,40,1,30,1,0.04,0.06,0.01,41992
1024,8,40,1,40,1,0.04,0.05,0.02,42164
1024,8,40,1,50,1,0.04,0.04,0.02,42128
1024,8,40,1,60,1,0.04,0.05,0.02,41964
1024,8,40,1,70,1,0.04,0.05,0.02,42220
1024,8,40,1,80,1,0.04,0.05,0.01,42032
1024,8,40,1,90,1,0.04,0.05,0.02,42548
1024,8,40,1,100,1,0.04,0.05,0.02,42072
1024,8,50,1,0,1,0.04,0.05,0.02,41872
1024,8,50,1,10,1,0.04,0.05,0.02,42028
1024,8,50,1,20,1,0.04,0.05,0.02,42180
1024,8,50,1,30,1,0.04,0.06,0.01,42344
1024,8,50,1,40,1,0.04,0.05,0.02,41736
1024,8,50,1,50,1,0.04,0.05,0.02,42180
1024,8,50,1,60,1,0.04,0.06,0.01,42452
1024,8,50,1,70,1,0.04,0.05,0.02,42432
1024,8,50,1,80,1,0.04,0.05,0.02,41892
1024,8,50,1,90,1,0.04,0.05,0.02,42476
1024,8,50,1,100,1,0.04,0.05,0.02,41964
1024,8,60,1,0,1,0.04,0.05,0.02,42088
1024,8,60,1,10,1,0.04,0.06,0.01,42292
1024,8,60,1,20,1,0.04,0.05,0.02,41988
1024,8,60,1,30,1,0.04,0.05,0.02,42304
1024,8,60,1,40,1,0.04,0.05,0.02,42220
1024,8,60,1,50,1,0.04,0.05,0.02,42164
1024,8,60,1,60,1,0.04,0.06,0.01,41980
1024,8,60,1,70,1,0.04,0.05,0.02,41856
1024,8,60,1,80,1,0.04,0.05,0.02,41844
1024,8,60,1,90,1,0.04,0.06,0.01,42248
1024,8,60,1,100,1,0.04,0.05,0.02,42264
1024,8,100,1,0,1,0.04,0.05,0.02,42076
1024,8,100,1,10,1,0.04,0.06,0.02,42288
1024,8,100,1,20,1,0.04,0.05,0.02,42196
1024,8,100,1,30,1,0.04,0.06,0.01,42324
1024,8,100,1,40,1,0.04,0.06,0.01,42076
1024,8,100,1,50,1,0.04,0.05,0.02,42052
1024,8,100,1,60,1,0.04,0.05,0.02,42188
1024,8,100,1,70,1,0.04,0.06,0.01,42528
1024,8,100,1,80,1,0.04,0.05,0.02,41688
1024,8,100,1,90,1,0.04,0.06,0.01,42192
1024,8,100,1,100,1,0.04,0.05,0.02,42204
1024,8,1000,1,0,1,0.04,0.06,0.02,42704
1024,8,1000,1,10,1,0.04,0.06,0.02,42200
1024,8,1000,1,20,1,0.04,0.06,0.02,42776
1024,8,1000,1,30,1,0.04,0.06,0.02,42320
1024,8,1000,1,40,1,0.04,0.07,0.02,42576
1024,8,1000,1,50,1,0.04,0.06,0.02,42064
1024,8,1000,1,60,1,0.04,0.06,0.02,42748
1024,8,1000,1,70,1,0.04,0.05,0.03,42248
1024,8,1000,1,80,1,0.04,0.06,0.02,42124
1024,8,1000,1,90,1,0.04,0.06,0.02,42756
1024,8,1000,1,100,1,0.04,0.06,0.02,42496
1024,16,10,1,0,1,0.05,0.04,0.02,41540
1024,16,10,1,10,1,0.05,0.04,0.01,41388
1024,16,10,1,20,1,0.05,0.04,0.01,41412
1024,16,10,1,30,1,0.04,0.04,0.02,41744
1024,16,10,1,40,1,0.05,0.04,0.02,41660
1024,16,10,1,50,1,0.05,0.04,0.02,41824
1024,16,10,1,60,1,0.05,0.04,0.02,41152
1024,16,10,1,70,1,0.05,0.04,0.02,41740
1024,16,10,1,80,1,0.04,0.04,0.02,42080
1024,16,10,1,90,1,0.05,0.05,0.01,41780
1024,16,10,1,100,1,0.05,0.04,0.02,41392
1024,16,20,1,0,1,0.04,0.05,0.01,41864
1024,16,20,1,10,1,0.04,0.05,0.01,41844
1024,16,20,1,20,1,0.04,0.04,0.02,41748
1024,16,20,1,30,1,0.04,0.04,0.02,42224
1024,16,20,1,40,1,0.04,0.04,0.02,41928
1024,16,20,1,50,1,0.04,0.04,0.02,41568
1024,16,20,1,60,1,0.04,0.04,0.02,41488
1024,16,20,1,70,1,0.04,0.05,0.01,41968
1024,16,20,1,80,1,0.04,0.04,0.02,41624
1024,16,20,1,90,1,0.04,0.04,0.02,41440
1024,16,20,1,100,1,0.04,0.05,0.01,41812
1024,16,30,1,0,1,0.04,0.05,0.02,41564
1024,16,30,1,10,1,0.04,0.04,0.02,41812
1024,16,30,1,20,1,0.05,0.06,0.01,41704
1024,16,30,1,30,1,0.04,0.04,0.02,41864
1024,16,30,1,40,1,0.04,0.04,0.02,41788
1024,16,30,1,50,1,0.04,0.05,0.01,42044
1024,16,30,1,60,1,0.04,0.05,0.01,41732
1024,16,30,1,70,1,0.04,0.05,0.01,41844
1024,16,30,1,80,1,0.04,0.04,0.02,41980
1024,16,30,1,90,1,0.04,0.05,0.01,42104
1024,16,30,1,100,1,0.04,0.04,0.02,41804
1024,16,40,1,0,1,0.04,0.05,0.01,41728
1024,16,40,1,10,1,0.04,0.05,0.02,41656
1024,16,40,1,20,1,0.04,0.05,0.02,41848
1024,16,40,1,30,1,0.04,0.04,0.02,41584
1024,16,40,1,40,1,0.04,0.04,0.02,41632
1024,16,40,1,50,1,0.04,0.04,0.02,41968
1024,16,40,1,60,1,0.04,0.04,0.02,41864
1024,16,40,1,70,1,0.04,0.04,0.02,41820
1024,16,40,1,80,1,0.04,0.05,0.02,41996
1024,16,40,1,90,1,0.04,0.05,0.02,41868
1024,16,40,1,100,1,0.04,0.04,0.02,41656
1024,16,50,1,0,1,0.04,0.04,0.02,41824
1024,16,50,1,10,1,0.04,0.05,0.01,41596
1024,16,50,1,20,1,0.04,0.05,0.02,41480
1024,16,50,1,30,1,0.04,0.05,0.02,41752
1024,16,50,1,40,1,0.05,0.05,0.01,41968
1024,16,50,1,50,1,0.04,0.05,0.02,41444
1024,16,50,1,60,1,0.04,0.05,0.02,41788
1024,16,50,1,70,1,0.05,0.05,0.01,42136
1024,16,50,1,80,1,0.04,0.04,0.02,41788
1024,16,50,1,90,1,0.04,0.05,0.02,41888
1024,16,50,1,100,1,0.04,0.05,0.02,41840
1024,16,60,1,0,1,0.04,0.04,0.02,42036
1024,16,60,1,10,1,0.04,0.04,0.02,41620
1024,16,60,1,20,1,0.04,0.05,0.02,41712
1024,16,60,1,30,1,0.04,0.05,0.01,41864
1024,16,60,1,40,1,0.04,0.05,0.02,42008
1024,16,60,1,50,1,0.04,0.05,0.02,41760
1024,16,60,1,60,1,0.05,0.05,0.02,41836
1024,16,60,1,70,1,0.04,0.04,0.02,41856
1024,16,60,1,80,1,0.04,0.05,0.02,41552
1024,16,60,1,90,1,0.04,0.05,0.02,41620
1024,16,60,1,100,1,0.04,0.05,0.02,41840
1024,16,100,1,0,1,0.05,0.05,0.02,41584
1024,16,100,1,10,1,0.04,0.04,0.02,41820
1024,16,100,1,20,1,0.04,0.04,0.02,41800
1024,16,100,1,30,1,0.04,0.05,0.02,41672
1024,16,100,1,40,1,0.05,0.05,0.01,41528
1024,16,100,1,50,1,0.04,0.04,0.02,41856
1024,16,100,1,60,1,0.05,0.05,0.02,41532
1024,16,100,1,70,1,0.05,0.04,0.02,41480
1024,16,100,1,80,1,0.05,0.04,0.02,41868
1024,16,100,1,90,1,0.04,0.05,0.01,41676
1024,16,100,1,100,1,0.04,0.04,0.02,41680
1024,16,1000,1,0,1,0.05,0.05,0.02,42436
1024,16,1000,1,10,1,0.04,0.06,0.01,42384
1024,16,1000,1,20,1,0.05,0.05,0.02,42664
1024,16,1000,1,30,1,0.05,0.05,0.01,41836
1024,16,1000,1,40,1,0.04,0.05,0.02,42332
1024,16,1000,1,50,1,0.04,0.05,0.02,41948
1024,16,1000,1,60,1,0.05,0.05,0.02,41644
1024,16,1000,1,70,1,0.04,0.05,0.01,41948
1024,16,1000,1,80,1,0.04,0.04,0.02,41996
1024,16,1000,1,90,1,0.05,0.05,0.02,41668
1024,16,1000,1,100,1,0.05,0.05,0.02,42264
1024,32,10,1,0,1,0.04,0.04,0.02,41788
1024,32,10,1,10,1,0.04,0.04,0.02,41800
1024,32,10,1,20,1,0.04,0.04,0.02,41472
1024,32,10,1,30,1,0.04,0.04,0.01,41864
1024,32,10,1,40,1,0.04,0.04,0.01,41344
1024,32,10,1,50,1,0.03,0.04,0.01,41680
1024,32,10,1,60,1,0.03,0.03,0.02,41500
1024,32,10,1,70,1,0.03,0.04,0.02,41368
1024,32,10,1,80,1,0.03,0.04,0.02,41760
1024,32,10,1,90,1,0.03,0.04,0.02,41876
1024,32,10,1,100,1,0.04,0.04,0.01,41576
1024,32,20,1,0,1,0.04,0.04,0.02,41332
1024,32,20,1,10,1,0.04,0.04,0.02,41536
1024,32,20,1,20,1,0.04,0.04,0.02,41592
1024,32,20,1,30,1,0.04,0.04,0.01,41780
1024,32,20,1,40,1,0.04,0.04,0.02,41056
1024,32,20,1,50,1,0.04,0.04,0.01,41908
1024,32,20,1,60,1,0.03,0.04,0.01,41788
1024,32,20,1,70,1,0.04,0.04,0.02,41592
1024,32,20,1,80,1,0.04,0.04,0.02,41744
1024,32,20,1,90,1,0.03,0.04,0.01,41676
1024,32,20,1,100,1,0.04,0.03,0.02,41660
1024,32,30,1,0,1,0.04,0.04,0.01,41648
1024,32,30,1,10,1,0.04,0.04,0.02,41892
1024,32,30,1,20,1,0.04,0.04,0.01,41856
1024,32,30,1,30,1,0.04,0.04,0.02,41772
1024,32,30,1,40,1,0.04,0.04,0.02,41492
1024,32,30,1,50,1,0.04,0.04,0.02,41216
1024,32,30,1,60,1,0.04,0.04,0.02,41520
1024,32,30,1,70,1,0.03,0.04,0.02,41652
1024,32,30,1,80,1,0.04,0.05,0.01,41516
1024,32,30,1,90,1,0.04,0.04,0.02,41488
1024,32,30,1,100,1,0.04,0.04,0.01,41636
1024,32,40,1,0,1,0.03,0.03,0.02,41364
1024,32,40,1,10,1,0.04,0.05,0.01,41584
1024,32,40,1,20,1,0.04,0.04,0.02,41748
1024,32,40,1,30,1,0.04,0.04,0.02,41764
1024,32,40,1,40,1,0.04,0.04,0.01,41620
1024,32,40,1,50,1,0.04,0.04,0.02,41992
1024,32,40,1,60,1,0.03,0.04,0.01,41676
1024,32,40,1,70,1,0.04,0.04,0.01,41588
1024,32,40,1,80,1,0.04,0.04,0.01,41532
1024,32,40,1,90,1,0.04,0.04,0.02,41500
1024,32,40,1,100,1,0.04,0.04,0.01,41276
1024,32,50,1,0,1,0.04,0.04,0.02,41304
1024,32,50,1,10,1,0.03,0.04,0.01,41444
1024,32,50,1,20,1,0.04,0.04,0.02,41580
1024,32,50,1,30,1,0.04,0.04,0.02,41384
1024,32,50,1,40,1,0.04,0.04,0.02,41500
1024,32,50,1,50,1,0.04,0.04,0.02,41600
1024,32,50,1,60,1,0.04,0.03,0.02,41476
1024,32,50,1,70,1,0.04,0.04,0.02,41892
1024,32,50,1,80,1,0.04,0.04,0.02,41452
1024,32,50,1,90,1,0.04,0.04,0.02,41372
1024,32,50,1,100,1,0.04,0.04,0.02,41788
1024,32,60,1,0,1,0.04,0.04,0.01,41444
1024,32,60,1,10,1,0.04,0.04,0.02,41360
1024,32,60,1,20,1,0.04,0.04,0.02,41372
1024,32,60,1,30,1,0.04,0.04,0.01,41848
1024,32,60,1,40,1,0.04,0.05,0.01,41812
1024,32,60,1,50,1,0.04,0.04,0.02,41612
1024,32,60,1,60,1,0.04,0.04,0.01,41848
1024,32,60,1,70,1,0.04,0.04,0.01,41320
1024,32,60,1,80,1,0.04,0.04,0.02,41720
1024,32,60,1,90,1,0.04,0.03,0.02,41536
1024,32,60,1,100,1,0.04,0.04,0.01,41512
1024,32,100,1,0,1,0.04,0.03,0.02,41464
1024,32,100,1,10,1,0.04,0.04,0.01,41284
1024,32,100,1,20,1,0.04,0.04,0.02,41536
1024,32,100,1,30,1,0.04,0.04,0.02,41536
1024,32,100,1,40,1,0.04,0.04,0.02,41464
1024,32,100,1,50,1,0.04,0.04,0.02,41136
1024,32,100,1,60,1,0.04,0.04,0.02,41480
1024,32,100,1,70,1,0.04,0.04,0.02,41520
1024,32,100,1,80,1,0.04,0.04,0.02,41804
1024,32,100,1,90,1,0.04,0.04,0.02,41580
1024,32,100,1,100,1,0.04,0.05,0.01,41804
1024,32,1000,1,0,1,0.04,0.04,0.02,41552
1024,32,1000,1,10,1,0.04,0.04,0.02,41272
1024,32,1000,1,20,1,0.04,0.05,0.01,41320
1024,32,1000,1,30,1,0.04,0.05,0.01,41220
1024,32,1000,1,40,1,0.04,0.05,0.01,41848
1024,32,1000,1,50,1,0.04,0.04,0.02,41832
1024,32,1000,1,60,1,0.04,0.04,0.02,41728
1024,32,1000,1,70,1,0.04,0.04,0.02,41812
1024,32,1000,1,80,1,0.04,0.04,0.02,41708
1024,32,1000,1,90,1,0.04,0.04,0.02,41520
1024,32,1000,1,100,1,0.04,0.05,0.01,41764
1024,64,10,1,0,1,0.03,0.04,0.02,41356
1024,64,10,1,10,1,0.03,0.04,0.02,41852
1024,64,10,1,20,1,0.03,0.03,0.02,41736
1024,64,10,1,30,1,0.03,0.04,0.02,41484
1024,64,10,1,40,1,0.03,0.04,0.01,41384
1024,64,10,1,50,1,0.04,0.04,0.01,41552
1024,64,10,1,60,1,0.03,0.04,0.01,41868
1024,64,10,1,70,1,0.03,0.03,0.02,41584
1024,64,10,1,80,1,0.03,0.04,0.02,41148
1024,64,10,1,90,1,0.03,0.04,0.02,41652
1024,64,10,1,100,1,0.03,0.04,0.02,41868
1024,64,20,1,0,1,0.03,0.04,0.01,41312
1024,64,20,1,10,1,0.03,0.04,0.01,41668
1024,64,20,1,20,1,0.03,0.03,0.02,41756
1024,64,20,1,30,1,0.03,0.03,0.02,41428
1024,64,20,1,40,1,0.03,0.04,0.02,41616
1024,64,20,1,50,1,0.04,0.04,0.02,41136
1024,64,20,1,60,1,0.03,0.04,0.01,41192
1024,64,20,1,70,1,0.03,0.04,0.01,41288
1024,64,20,1,80,1,0.03,0.04,0.02,41740
1024,64,20,1,90,1,0.03,0.03,0.02,41412
1024,64,20,1,100,1,0.03,0.03,0.02,41636
1024,64,30,1,0,1,0.03,0.04,0.01,41476
1024,64,30,1,10,1,0.03,0.04,0.02,41520
1024,64,30,1,20,1,0.03,0.04,0.01,41480
1024,64,30,1,30,1,0.04,0.03,0.02,41456
1024,64,30,1,40,1,0.03,0.03,0.02,41648
1024,64,30,1,50,1,0.03,0.04,0.02,41540
1024,64,30,1,60,1,0.04,0.04,0.01,41540
1024,64,30,1,70,1,0.04,0.04,0.02,41348
1024,64,30,1,80,1,0.03,0.04,0.01,41564
1024,64,30,1,90,1,0.03,0.03,0.02,41664
1024,64,30,1,100,1,0.03,0.04,0.01,41464
1024,64,40,1,0,1,0.04,0.03,0.02,41140
1024,64,40,1,10,1,0.04,0.04,0.01,41852
1024,64,40,1,20,1,0.03,0.04,0.01,41524
1024,64,40,1,30,1,0.04,0.04,0.02,41616
1024,64,40,1,40,1,0.04,0.03,0.03,41552
1024,64,40,1,50,1,0.03,0.04,0.02,41460
1024,64,40,1,60,1,0.03,0.04,0.01,41772
1024,64,40,1,70,1,0.03,0.04,0.02,41384
1024,64,40,1,80,1,0.03,0.03,0.02,41936
1024,64,40,1,90,1,0.03,0.04,0.02,41484
1024,64,40,1,100,1,0.04,0.03,0.02,41752
1024,64,50,1,0,1,0.03,0.04,0.01,41360
1024,64,50,1,10,1,0.04,0.04,0.02,41584
1024,64,50,1,20,1,0.03,0.04,0.02,41868
1024,64,50,1,30,1,0.04,0.04,0.01,41380
1024,64,50,1,40,1,0.04,0.04,0.02,41948
1024,64,50,1,50,1,0.04,0.04,0.01,41748
1024,64,50,1,60,1,0.04,0.04,0.02,41528
1024,64,50,1,70,1,0.04,0.04,0.02,41348
1024,64,50,1,80,1,0.03,0.04,0.01,41464
1024,64,50,1,90,1,0.04,0.05,0.01,41408
1024,64,50,1,100,1,0.04,0.04,0.01,41500
1024,64,60,1,0,1,0.03,0.03,0.02,41488
1024,64,60,1,10,1,0.03,0.04,0.02,41660
1024,64,60,1,20,1,0.04,0.04,0.02,41668
1024,64,60,1,30,1,0.03,0.03,0.02,41664
1024,64,60,1,40,1,0.03,0.04,0.02,42012
1024,64,60,1,50,1,0.04,0.04,0.01,41448
1024,64,60,1,60,1,0.04,0.03,0.02,41340
1024,64,60,1,70,1,0.04,0.04,0.02,41800
1024,64,60,1,80,1,0.04,0.04,0.02,41656
1024,64,60,1,90,1,0.04,0.04,0.01,41804
1024,64,60,1,100,1,0.04,0.04,0.02,41576
1024,64,100,1,0,1,0.04,0.04,0.02,41460
1024,64,100,1,10,1,0.03,0.04,0.02,41504
1024,64,100,1,20,1,0.04,0.04,0.01,41480
1024,64,100,1,30,1,0.03,0.04,0.02,41628
1024,64,100,1,40,1,0.03,0.04,0.02,41192
1024,64,100,1,50,1,0.03,0.03,0.02,41440
1024,64,100,1,60,1,0.03,0.04,0.01,41152
1024,64,100,1,70,1,0.04,0.04,0.01,41412
1024,64,100,1,80,1,0.04,0.04,0.01,41452
1024,64,100,1,90,1,0.04,0.04,0.01,41524
1024,64,100,1,100,1,0.03,0.03,0.02,41612
1024,64,1000,1,0,1,0.04,0.04,0.02,41628
1024,64,1000,1,10,1,0.04,0.05,0.01,41668
1024,64,1000,1,20,1,0.04,0.05,0.01,41460
1024,64,1000,1,30,1,0.04,0.03,0.02,41416
1024,64,1000,1,40,1,0.04,0.04,0.02,41656
1024,64,1000,1,50,1,0.04,0.04,0.02,41700
1024,64,1000,1,60,1,0.04,0.04,0.02,41880
1024,64,1000,1,70,1,0.04,0.04,0.02,41444
1024,64,1000,1,80,1,0.04,0.05,0.01,41688
1024,64,1000,1,90,1,0.04,0.04,0.02,41432
1024,64,1000,1,100,1,0.04,0.04,0.01,41752
2048,2,10,1,0,1,0.04,0.05,0.01,41532
2048,2,10,1,10,1,0.04,0.04,0.02,41656
2048,2,10,1,20,1,0.04,0.04,0.02,41292
2048,2,10,1,30,1,0.04,0.04,0.01,41392
2048,2,10,1,40,1,0.04,0.04,0.02,41652
2048,2,10,1,50,1,0.04,0.04,0.02,41620
2048,2,10,1,60,1,0.04,0.04,0.02,41492
2048,2,10,1,70,1,0.04,0.04,0.02,41436
2048,2,10,1,80,1,0.04,0.04,0.02,41748
2048,2,10,1,90,1,0.04,0.04,0.02,41572
2048,2,10,1,100,1,0.04,0.04,0.01,41572
2048,2,20,1,0,1,0.04,0.04,0.02,41368
2048,2,20,1,10,1,0.04,0.05,0.01,41512
2048,2,20,1,20,1,0.04,0.05,0.01,41584
2048,2,20,1,30,1,0.04,0.05,0.01,41652
2048,2,20,1,40,1,0.04,0.04,0.02,41532
2048,2,20,1,50,1,0.04,0.04,0.02,41820
2048,2,20,1,60,1,0.05,0.05,0.02,41372
2048,2,20,1,70,1,0.04,0.05,0.01,41568
2048,2,20,1,80,1,0.04,0.05,0.01,41700
2048,2,20,1,90,1,0.04,0.05,0.01,41984
2048,2,20,1,100,1,0.04,0.05,0.02,41896
2048,2,30,1,0,1,0.05,0.05,0.02,42124
2048,2,30,1,10,1,0.05,0.05,0.02,41920
2048,2,30,1,20,1,0.05,0.05,0.02,41944
2048,2,30,1,30,1,0.05,0.05,0.02,41724
2048,2,30,1,40,1,0.05,0.04,0.02,42376
2048,2,30,1,50,1,0.04,0.04,0.02,41828
2048,2,30,1,60,1,0.05,0.05,0.02,42036
2048,2,30,1,70,1,0.05,0.05,0.02,42072
2048,2,30,1,80,1,0.05,0.05,0.02,42152
2048,2,30,1,90,1,0.05,0.05,0.01,41972
2048,2,30,1,100,1,0.05,0.05,0.02,42000
2048,2,40,1,0,1,0.04,0.05,0.02,42344
2048,2,40,1,10,1,0.04,0.05,0.02,42000
2048,2,40,1,20,1,0.04,0.05,0.02,42248
2048,2,40,1,30,1,0.04,0.05,0.02,41940
2048,2,40,1,40,1,0.04,0.04,0.03,41960
2048,2,40,1,50,1,0.04,0.05,0.02,42260
2048,2,40,1,60,1,0.04,0.05,0.02,41940
2048,2,40,1,70,1,0.04,0.06,0.02,42072
2048,2,40,1,80,1,0.04,0.05,0.02,41824
2048,2,40,1,90,1,0.04,0.06,0.01,42232
2048,2,40,1,100,1,0.04,0.06,0.01,42376
2048,2,50,1,0,1,0.04,0.05,0.02,41720
2048,2,50,1,10,1,0.04,0.05,0.02,42440
2048,2,50,1,20,1,0.04,0.05,0.02,41592
2048,2,50,1,30,1,0.04,0.05,0.02,41828
2048,2,50,1,40,1,0.04,0.05,0.02,42280
2048,2,50,1,50,1,0.04,0.06,0.01,42164
2048,2,50,1,60,1,0.04,0.05,0.02,42096
2048,2,50,1,70,1,0.04,0.04,0.03,41920
2048,2,50,1,80,1,0.04,0.05,0.02,41912
2048,2,50,1,90,1,0.04,0.05,0.02,42288
2048,2,50,1,100,1,0.04,0.05,0.02,42184
2048,2,60,1,0,1,0.04,0.06,0.02,41836
2048,2,60,1,10,1,0.04,0.06,0.01,42240
2048,2,60,1,20,1,0.05,0.06,0.02,41828
2048,2,60,1,30,1,0.04,0.06,0.02,42428
2048,2,60,1,40,1,0.04,0.05,0.02,41664
2048,2,60,1,50,1,0.05,0.05,0.02,41892
2048,2,60,1,60,1,0.04,0.06,0.02,42076
2048,2,60,1,70,1,0.04,0.06,0.02,42248
2048,2,60,1,80,1,0.04,0.06,0.02,42424
2048,2,60,1,90,1,0.04,0.06,0.02,42376
2048,2,60,1,100,1,0.04,0.06,0.02,41988
2048,2,100,1,0,1,0.05,0.07,0.01,43784
2048,2,100,1,10,1,0.04,0.06,0.02,43852
2048,2,100,1,20,1,0.05,0.06,0.03,43268
2048,2,100,1,30,1,0.05,0.06,0.02,43396
2048,2,100,1,40,1,0.05,0.07,0.02,43956
2048,2,100,1,50,1,0.05,0.07,0.02,43648
2048,2,100,1,60,1,0.05,0.06,0.02,43868
2048,2,100,1,70,1,0.05,0.06,0.02,43468
2048,2,100,1,80,1,0.05,0.07,0.01,43548
2048,2,100,1,90,1,0.05,0.07,0.02,43708
2048,2,100,1,100,1,0.05,0.06,0.02,43640
2048,2,1000,1,0,1,0.06,0.10,0.02,45864
2048,2,1000,1,10,1,0.06,0.09,0.03,45588
2048,2,1000,1,20,1,0.06,0.10,0.02,45628
2048,2,1000,1,30,1,0.06,0.10,0.02,45308
2048,2,1000,1,40,1,0.06,0.10,0.02,45648
2048,2,1000,1,50,1,0.06,0.09,0.03,45244
2048,2,1000,1,60,1,0.05,0.10,0.02,45764
2048,2,1000,1,70,1,0.06,0.09,0.03,45492
2048,2,1000,1,80,1,0.06,0.10,0.02,46204
2048,2,1000,1,90,1,0.06,0.10,0.02,45960
2048,2,1000,1,100,1,0.06,0.10,0.03,45724
2048,4,10,1,0,1,0.04,0.04,0.02,41700
2048,4,10,1,10,1,0.04,0.04,0.01,41544
2048,4,10,1,20,1,0.04,0.04,0.02,41904
2048,4,10,1,30,1,0.04,0.04,0.01,41580
2048,4,10,1,40,1,0.04,0.04,0.01,41704
2048,4,10,1,50,1,0.04,0.05,0.01,41688
2048,4,10,1,60,1,0.04,0.04,0.02,41884
2048,4,10,1,70,1,0.04,0.04,0.01,41544
2048,4,10,1,80,1,0.04,0.04,0.01,41660
2048,4,10,1,90,1,0.04,0.04,0.02,41860
2048,4,10,1,100,1,0.04,0.04,0.01,41600
2048,4,20,1,0,1,0.05,0.04,0.02,41620
2048,4,20,1,10,1,0.04,0.05,0.02,41704
2048,4,20,1,20,1,0.04,0.04,0.02,41804
2048,4,20,1,30,1,0.04,0.04,0.02,41812
2048,4,20,1,40,1,0.04,0.05,0.02,41580
2048,4,20,1,50,1,0.04,0.05,0.01,41652
2048,4,20,1,60,1,0.05,0.05,0.01,41700
2048,4,20,1,70,1,0.05,0.04,0.02,41824
2048,4,20,1,80,1,0.04,0.04,0.02,41932
2048,4,20,1,90,1,0.04,0.05,0.02,41544
2048,4,20,1,100,1,0.04,0.04,0.02,42092
2048,4,30,1,0,1,0.05,0.05,0.02,42196
2048,4,30,1,10,1,0.05,0.05,0.01,42148
2048,4,30,1,20,1,0.05,0.05,0.01,41812
2048,4,30,1,30,1,0.05,0.05,0.02,41816
2048,4,30,1,40,1,0.04,0.05,0.02,42088
2048,4,30,1,50,1,0.05,0.04,0.02,42252
2048,4,30,1,60,1,0.05,0.05,0.02,42080
2048,4,30,1,70,1,0.05,0.05,0.02,42288
2048,4,30,1,80,1,0.04,0.05,0.02,42216
2048,4,30,1,90,1,0.05,0.05,0.01,42200
2048,4,30,1,100,1,0.04,0.04,0.03,41840
2048,4,40,1,0,1,0.04,0.05,0.02,41804
2048,4,40,1,10,1,0.04,0.05,0.02,41716
2048,4,40,1,20,1,0.04,0.05,0.01,42048
2048,4,40,1,30,1,0.04,0.05,0.02,42052
2048,4,40,1,40,1,0.04,0.05,0.02,41780
2048,4,40,1,50,1,0.04,0.06,0.01,42044
2048,4,40,1,60,1,0.04,0.05,0.02,42320
2048,4,40,1,70,1,0.04,0.05,0.02,42072
2048,4,40,1,80,1,0.04,0.04,0.03,42548
2048,4,40,1,90,1,0.04,0.05,0.02,42088
2048,4,40,1,100,1,0.04,0.05,0.02,42284
2048,4,50,1,0,1,0.04,0.04,0.03,42592
2048,4,50,1,10,1,0.04,0.05,0.02,42020
2048,4,50,1,20,1,0.04,0.06,0.02,41852
2048,4,50,1,30,1,0.04,0.05,0.02,41448
2048,4,50,1,40,1,0.04,0.06,0.02,41896
2048,4,50,1,50,1,0.04,0.05,0.02,42080
2048,4,50,1,60,1,0.04,0.05,0.02,42316
2048,4,50,1,70,1,0.04,0.06,0.02,42016
2048,4,50,1,80,1,0.04,0.05,0.02,41952
2048,4,50,1,90,1,0.04,0.05,0.02,42068
2048,4,50,1,100,1,0.04,0.05,0.02,42176
2048,4,60,1,0,1,0.05,0.05,0.03,42236
2048,4,60,1,10,1,0.05,0.06,0.02,42148
2048,4,60,1,20,1,0.05,0.06,0.02,42444
2048,4,60,1,30,1,0.05,0.05,0.02,42012
2048,4,60,1,40,1,0.05,0.06,0.01,41632
2048,4,60,1,50,1,0.05,0.06,0.01,42428
2048,4,60,1,60,1,0.05,0.05,0.02,42156
2048,4,60,1,70,1,0.05,0.06,0.02,42336
2048,4,60,1,80,1,0.05,0.06,0.02,42196
2048,4,60,1,90,1,0.05,0.06,0.01,42204
2048,4,60,1,100,1,0.05,0.06,0.01,42056
2048,4,100,1,0,1,0.05,0.06,0.02,43408
2048,4,100,1,10,1,0.05,0.07,0.02,43984
2048,4,100,1,20,1,0.04,0.07,0.02,42964
2048,4,100,1,30,1,0.05,0.06,0.02,43296
2048,4,100,1,40,1,0.04,0.06,0.02,43000
2048,4,100,1,50,1,0.04,0.06,0.02,43240
2048,4,100,1,60,1,0.04,0.06,0.02,43576
2048,4,100,1,70,1,0.05,0.06,0.02,43284
2048,4,100,1,80,1,0.04,0.06,0.02,43252
2048,4,100,1,90,1,0.05,0.06,0.02,43316
2048,4,100,1,100,1,0.04,0.06,0.03,43072
2048,4,1000,1,0,1,0.06,0.09,0.02,44448
2048,4,1000,1,10,1,0.06,0.09,0.02,44404
2048,4,1000,1,20,1,0.06,0.09,0.02,44720
2048,4,1000,1,30,1,0.06,0.09,0.02,44568
2048,4,1000,1,40,1,0.06,0.08,0.03,43988
2048,4,1000,1,50,1,0.06,0.09,0.02,44304
2048,4,1000,1,60,1,0.06,0.09,0.02,45080
2048,4,1000,1,70,1,0.06,0.09,0.02,44576
2048,4,1000,1,80,1,0.06,0.09,0.02,44396
2048,4,1000,1,90,1,0.06,0.08,0.03,44932
2048,4,1000,1,100,1,0.06,0.09,0.02,44852
2048,8,10,1,0,1,0.04,0.04,0.02,41552
2048,8,10,1,10,1,0.04,0.04,0.01,41500
2048,8,10,1,20,1,0.04,0.04,0.01,41484
2048,8,10,1,30,1,0.04,0.03,0.02,41504
2048,8,10,1,40,1,0.04,0.04,0.02,41844
2048,8,10,1,50,1,0.04,0.04,0.02,41556
2048,8,10,1,60,1,0.04,0.04,0.01,41572
2048,8,10,1,70,1,0.03,0.04,0.02,41676
2048,8,10,1,80,1,0.03,0.04,0.02,42128
2048,8,10,1,90,1,0.04,0.04,0.02,41324
2048,8,10,1,100,1,0.04,0.04,0.02,41852
2048,8,20,1,0,1,0.04,0.04,0.02,41716
2048,8,20,1,10,1,0.04,0.04,0.02,41688
2048,8,20,1,20,1,0.05,0.04,0.02,41584
2048,8,20,1,30,1,0.05,0.04,0.02,41764
2048,8,20,1,40,1,0.05,0.05,0.01,41592
2048,8,20,1,50,1,0.05,0.04,0.02,41512
2048,8,20,1,60,1,0.04,0.05,0.01,41996
2048,8,20,1,70,1,0.04,0.05,0.01,41968
2048,8,20,1,80,1,0.04,0.04,0.03,41532
2048,8,20,1,90,1,0.04,0.05,0.01,41744
2048,8,20,1,100,1,0.04,0.05,0.02,41596
2048,8,30,1,0,1,0.05,0.05,0.02,41688
2048,8,30,1,10,1,0.05,0.05,0.02,42036
2048,8,30,1,20,1,0.04,0.05,0.01,41868
2048,8,30,1,30,1,0.04,0.05,0.02,42240
2048,8,30,1,40,1,0.05,0.05,0.02,41984
2048,8,30,1,50,1,0.05,0.05,0.02,42196
2048,8,30,1,60,1,0.04,0.05,0.02,42128
2048,8,30,1,70,1,0.04,0.05,0.02,41904
2048,8,30,1,80,1,0.04,0.05,0.02,42168
2048,8,30,1,90,1,0.04,0.06,0.01,41620
2048,8,30,1,100,1,0.04,0.05,0.01,41632
2048,8,40,1,0,1,0.04,0.05,0.02,42184
2048,8,40,1,10,1,0.04,0.06,0.01,41904
2048,8,40,1,20,1,0.04,0.05,0.02,42060
2048,8,40,1,30,1,0.04,0.06,0.01,41728
2048,8,40,1,40,1,0.04,0.05,0.02,42064
2048,8,40,1,50,1,0.04,0.06,0.01,42128
2048,8,40,1,60,1,0.04,0.06,0.01,42048
2048,8,40,1,70,1,0.04,0.05,0.02,41920
2048,8,40,1,80,1,0.04,0.06,0.01,42224
2048,8,40,1,90,1,0.04,0.06,0.01,41996
2048,8,40,1,100,1,0.04,0.05,0.02,42112
2048,8,50,1,0,1,0.04,0.06,0.02,42060
2048,8,50,1,10,1,0.04,0.06,0.01,42464
2048,8,50,1,20,1,0.04,0.05,0.02,42212
2048,8,50,1,30,1,0.04,0.05,0.02,42140
2048,8,50,1,40,1,0.05,0.06,0.02,41748
2048,8,50,1,50,1,0.04,0.06,0.01,42052
2048,8,50,1,60,1,0.05,0.05,0.02,42184
2048,8,50,1,70,1,0.04,0.05,0.02,42576
2048,8,50,1,80,1,0.04,0.06,0.01,42148
2048,8,50,1,90,1,0.04,0.06,0.01,42260
2048,8,50,1,100,1,0.04,0.06,0.02,42400
2048,8,60,1,0,1,0.05,0.06,0.02,42196
2048,8,60,1,10,1,0.05,0.06,0.02,42324
2048,8,60,1,20,1,0.04,0.06,0.02,42412
2048,8,60,1,30,1,0.04,0.06,0.02,42636
2048,8,60,1,40,1,0.04,0.06,0.02,42040
2048,8,60,1,50,1,0.04,0.05,0.02,42280
2048,8,60,1,60,1,0.04,0.05,0.02,42300
2048,8,60,1,70,1,0.04,0.06,0.02,42752
2048,8,60,1,80,1,0.04,0.06,0.02,42560
2048,8,60,1,90,1,0.04,0.05,0.02,41980
2048,8,60,1,100,1,0.04,0.05,0.02,42288
2048,8,100,1,0,1,0.05,0.06,0.02,43228
2048,8,100,1,10,1,0.05,0.07,0.01,43472
2048,8,100,1,20,1,0.05,0.06,0.02,43080
2048,8,100,1,30,1,0.05,0.07,0.02,43048
2048,8,100,1,40,1,0.05,0.06,0.02,43544
2048,8,100,1,50,1,0.05,0.06,0.03,43636
2048,8,100,1,60,1,0.05,0.07,0.01,43340
2048,8,100,1,70,1,0.05,0.06,0.02,43232
2048,8,100,1,80,1,0.05,0.06,0.02,42888
2048,8,100,1,90,1,0.05,0.06,0.02,43384
2048,8,100,1,100,1,0.05,0.06,0.02,43248
2048,8,1000,1,0,1,0.06,0.08,0.02,43332
2048,8,1000,1,10,1,0.06,0.07,0.02,43980
2048,8,1000,1,20,1,0.06,0.08,0.01,43388
2048,8,1000,1,30,1,0.06,0.08,0.02,43392
2048,8,1000,1,40,1,0.06,0.07,0.03,44304
2048,8,1000,1,50,1,0.06,0.08,0.02,44060
2048,8,1000,1,60,1,0.06,0.08,0.02,44044
2048,8,1000,1,70,1,0.05,0.07,0.02,43456
2048,8,1000,1,80,1,0.06,0.07,0.02,43608
2048,8,1000,1,90,1,0.05,0.07,0.02,43472
2048,8,1000,1,100,1,0.06,0.08,0.02,43876
2048,16,10,1,0,1,0.05,0.04,0.01,41524
2048,16,10,1,10,1,0.03,0.04,0.02,41568
2048,16,10,1,20,1,0.04,0.04,0.02,41580
2048,16,10,1,30,1,0.04,0.04,0.02,41692
2048,16,10,1,40,1,0.05,0.04,0.02,41748
2048,16,10,1,50,1,0.04,0.04,0.02,41520
2048,16,10,1,60,1,0.04,0.04,0.02,41696
2048,16,10,1,70,1,0.04,0.04,0.01,41688
2048,16,10,1,80,1,0.04,0.04,0.02,41388
2048,16,10,1,90,1,0.05,0.04,0.01,41456
2048,16,10,1,100,1,0.04,0.04,0.02,41232
2048,16,20,1,0,1,0.04,0.04,0.02,41776
2048,16,20,1,10,1,0.04,0.04,0.02,42060
2048,16,20,1,20,1,0.04,0.04,0.02,41716
2048,16,20,1,30,1,0.04,0.04,0.02,41440
2048,16,20,1,40,1,0.04,0.04,0.02,41712
2048,16,20,1,50,1,0.04,0.04,0.02,41872
2048,16,20,1,60,1,0.04,0.04,0.02,42092
2048,16,20,1,70,1,0.04,0.04,0.02,41608
2048,16,20,1,80,1,0.04,0.04,0.03,41504
2048,16,20,1,90,1,0.04,0.05,0.02,41712
2048,16,20,1,100,1,0.04,0.05,0.02,41800
2048,16,30,1,0,1,0.04,0.04,0.02,41688
2048,16,30,1,10,1,0.04,0.05,0.02,41612
2048,16,30,1,20,1,0.04,0.06,0.01,41452
2048,16,30,1,30,1,0.04,0.05,0.02,42016
2048,16,30,1,40,1,0.04,0.05,0.02,42364
2048,16,30,1,50,1,0.04,0.05,0.02,42000
2048,16,30,1,60,1,0.04,0.04,0.03,42400
2048,16,30,1,70,1,0.04,0.05,0.02,41800
2048,16,30,1,80,1,0.04,0.05,0.02,42080
2048,16,30,1,90,1,0.04,0.05,0.02,41356
2048,16,30,1,100,1,0.04,0.05,0.02,41600
2048,16,40,1,0,1,0.04,0.06,0.01,42216
2048,16,40,1,10,1,0.04,0.05,0.02,41876
2048,16,40,1,20,1,0.04,0.05,0.02,41764
2048,16,40,1,30,1,0.04,0.05,0.02,42060
2048,16,40,1,40,1,0.04,0.05,0.02,42060
2048,16,40,1,50,1,0.04,0.05,0.02,42528
2048,16,40,1,60,1,0.04,0.05,0.02,42152
2048,16,40,1,70,1,0.04,0.06,0.01,42232
2048,16,40,1,80,1,0.04,0.05,0.02,41688
2048,16,40,1,90,1,0.04,0.05,0.02,41912
2048,16,40,1,100,1,0.04,0.05,0.02,42284
2048,16,50,1,0,1,0.04,0.06,0.01,42172
2048,16,50,1,10,1,0.04,0.05,0.02,42388
2048,16,50,1,20,1,0.04,0.05,0.02,41988
2048,16,50,1,30,1,0.04,0.06,0.02,41876
2048,16,50,1,40,1,0.04,0.05,0.02,42420
2048,16,50,1,50,1,0.04,0.05,0.02,42240
2048,16,50,1,60,1,0.04,0.05,0.02,41864
2048,16,50,1,70,1,0.04,0.05,0.02,41872
2048,16,50,1,80,1,0.04,0.05,0.02,41820
2048,16,50,1,90,1,0.04,0.05,0.02,42284
2048,16,50,1,100,1,0.04,0.05,0.02,42108
2048,16,60,1,0,1,0.04,0.06,0.01,42032
2048,16,60,1,10,1,0.04,0.05,0.02,42260
2048,16,60,1,20,1,0.04,0.04,0.03,42244
2048,16,60,1,30,1,0.04,0.05,0.02,41880
2048,16,60,1,40,1,0.04,0.05,0.02,41612
2048,16,60,1,50,1,0.04,0.06,0.01,41840
2048,16,60,1,60,1,0.04,0.06,0.01,41800
2048,16,60,1,70,1,0.04,0.06,0.01,42176
2048,16,60,1,80,1,0.04,0.05,0.02,42476
2048,16,60,1,90,1,0.04,0.05,0.02,42116
2048,16,60,1,100,1,0.04,0.05,0.02,42416
2048,16,100,1,0,1,0.04,0.05,0.01,42304
2048,16,100,1,10,1,0.04,0.05,0.02,42164
2048,16,100,1,20,1,0.04,0.05,0.02,42124
2048,16,100,1,30,1,0.04,0.06,0.01,41716
2048,16,100,1,40,1,0.04,0.05,0.02,42052
2048,16,100,1,50,1,0.04,0.06,0.01,42064
2048,16,100,1,60,1,0.04,0.05,0.02,42116
2048,16,100,1,70,1,0.04,0.05,0.02,42092
2048,16,100,1,80,1,0.04,0.05,0.02,42012
2048,16,100,1,90,1,0.04,0.06,0.01,42108
2048,16,100,1,100,1,0.04,0.06,0.01,42048
2048,16,1000,1,0,1,0.04,0.06,0.02,42492
2048,16,1000,1,10,1,0.04,0.06,0.02,42360
2048,16,1000,1,20,1,0.04,0.06,0.02,42632
2048,16,1000,1,30,1,0.04,0.07,0.01,42532
2048,16,1000,1,40,1,0.04,0.06,0.02,42568
2048,16,1000,1,50,1,0.04,0.07,0.01,42256
2048,16,1000,1,60,1,0.04,0.06,0.02,42632
2048,16,1000,1,70,1,0.04,0.07,0.02,42572
2048,16,1000,1,80,1,0.04,0.06,0.02,42428
2048,16,1000,1,90,1,0.04,0.07,0.01,42436
2048,16,1000,1,100,1,0.04,0.07,0.02,42476
2048,32,10,1,0,1,0.04,0.04,0.02,41548
2048,32,10,1,10,1,0.05,0.05,0.01,41932
2048,32,10,1,20,1,0.05,0.04,0.02,41936
2048,32,10,1,30,1,0.03,0.04,0.02,41620
2048,32,10,1,40,1,0.05,0.04,0.01,41332
2048,32,10,1,50,1,0.05,0.04,0.01,41564
2048,32,10,1,60,1,0.05,0.04,0.02,41616
2048,32,10,1,70,1,0.05,0.04,0.02,41448
2048,32,10,1,80,1,0.04,0.04,0.01,41768
2048,32,10,1,90,1,0.05,0.04,0.02,41812
2048,32,10,1,100,1,0.05,0.04,0.02,41696
2048,32,20,1,0,1,0.04,0.04,0.02,41688
2048,32,20,1,10,1,0.04,0.04,0.02,42060
2048,32,20,1,20,1,0.04,0.04,0.02,41604
2048,32,20,1,30,1,0.04,0.03,0.03,41752
2048,32,20,1,40,1,0.04,0.05,0.01,41560
2048,32,20,1,50,1,0.04,0.04,0.02,41516
2048,32,20,1,60,1,0.04,0.04,0.02,41684
2048,32,20,1,70,1,0.04,0.04,0.02,41692
2048,32,20,1,80,1,0.04,0.04,0.02,41908
2048,32,20,1,90,1,0.04,0.05,0.01,41624
2048,32,20,1,100,1,0.04,0.04,0.02,41688
2048,32,30,1,0,1,0.04,0.05,0.01,41772
2048,32,30,1,10,1,0.04,0.04,0.02,41772
2048,32,30,1,20,1,0.04,0.05,0.02,41752
2048,32,30,1,30,1,0.04,0.04,0.02,41804
2048,32,30,1,40,1,0.04,0.04,0.03,41960
2048,32,30,1,50,1,0.04,0.05,0.02,41820
2048,32,30,1,60,1,0.04,0.04,0.02,42104
2048,32,30,1,70,1,0.04,0.04,0.02,41632
2048,32,30,1,80,1,0.04,0.05,0.01,41588
2048,32,30,1,90,1,0.04,0.05,0.02,41872
2048,32,30,1,100,1,0.04,0.05,0.02,41524
2048,32,40,1,0,1,0.04,0.04,0.02,41812
2048,32,40,1,10,1,0.04,0.05,0.01,41596
2048,32,40,1,20,1,0.04,0.04,0.02,41476
2048,32,40,1,30,1,0.04,0.05,0.01,41844
2048,32,40,1,40,1,0.04,0.05,0.02,41856
2048,32,40,1,50,1,0.04,0.05,0.02,41816
2048,32,40,1,60,1,0.04,0.05,0.02,41668
2048,32,40,1,70,1,0.04,0.05,0.02,41916
2048,32,40,1,80,1,0.04,0.05,0.02,41848
2048,32,40,1,90,1,0.04,0.05,0.01,41652
2048,32,40,1,100,1,0.04,0.05,0.02,41564
2048,32,50,1,0,1,0.04,0.05,0.01,41584
2048,32,50,1,10,1,0.04,0.05,0.02,41620
2048,32,50,1,20,1,0.04,0.03,0.03,41944
2048,32,50,1,30,1,0.04,0.04,0.02,41676
2048,32,50,1,40,1,0.04,0.05,0.02,41604
2048,32,50,1,50,1,0.04,0.05,0.01,42072
2048,32,50,1,60,1,0.04,0.04,0.02,41840
2048,32,50,1,70,1,0.04,0.05,0.02,41912
2048,32,50,1,80,1,0.04,0.05,0.02,41816
2048,32,50,1,90,1,0.04,0.04,0.02,41820
2048,32,50,1,100,1,0.04,0.05,0.01,41988
2048,32,60,1,0,1,0.04,0.04,0.02,41760
2048,32,60,1,10,1,0.04,0.05,0.02,41556
2048,32,60,1,20,1,0.04,0.05,0.01,41904
2048,32,60,1,30,1,0.04,0.05,0.02,41688
2048,32,60,1,40,1,0.04,0.05,0.02,41688
2048,32,60,1,50,1,0.04,0.04,0.02,41620
2048,32,60,1,60,1,0.04,0.04,0.02,42148
2048,32,60,1,70,1,0.04,0.04,0.02,41816
2048,32,60,1,80,1,0.04,0.05,0.01,42016
2048,32,60,1,90,1,0.05,0.05,0.01,42052
2048,32,60,1,100,1,0.04,0.05,0.02,41576
2048,32,100,1,0,1,0.05,0.05,0.01,41780
2048,32,100,1,10,1,0.05,0.04,0.02,41924
2048,32,100,1,20,1,0.04,0.05,0.01,41528
2048,32,100,1,30,1,0.04,0.05,0.01,41616
2048,32,100,1,40,1,0.04,0.05,0.01,41412
2048,32,100,1,50,1,0.05,0.05,0.02,41620
2048,32,100,1,60,1,0.04,0.04,0.02,41716
2048,32,100,1,70,1,0.04,0.05,0.01,41684
2048,32,100,1,80,1,0.05,0.04,0.02,41852
2048,32,100,1,90,1,0.05,0.05,0.01,41900
2048,32,100,1,100,1,0.04,0.05,0.02,41808
2048,32,1000,1,0,1,0.05,0.05,0.01,41880
2048,32,1000,1,10,1,0.04,0.05,0.02,41892
2048,32,1000,1,20,1,0.04,0.05,0.01,41832
2048,32,1000,1,30,1,0.04,0.05,0.02,41932
2048,32,1000,1,40,1,0.04,0.06,0.02,41960
2048,32,1000,1,50,1,0.04,0.04,0.02,41852
2048,32,1000,1,60,1,0.05,0.05,0.02,41352
2048,32,1000,1,70,1,0.04,0.05,0.02,42364
2048,32,1000,1,80,1,0.05,0.05,0.02,42028
2048,32,1000,1,90,1,0.05,0.06,0.01,41696
2048,32,1000,1,100,1,0.05,0.05,0.02,41492
2048,64,10,1,0,1,0.04,0.04,0.01,41800
2048,64,10,1,10,1,0.04,0.04,0.02,41484
2048,64,10,1,20,1,0.04,0.04,0.01,41824
2048,64,10,1,30,1,0.04,0.04,0.01,41476
2048,64,10,1,40,1,0.04,0.04,0.01,41704
2048,64,10,1,50,1,0.04,0.04,0.02,41708
2048,64,10,1,60,1,0.04,0.04,0.02,41628
2048,64,10,1,70,1,0.04,0.04,0.02,41448
2048,64,10,1,80,1,0.04,0.04,0.01,41688
2048,64,10,1,90,1,0.04,0.04,0.01,41472
2048,64,10,1,100,1,0.04,0.04,0.02,41800
2048,64,20,1,0,1,0.04,0.04,0.02,41636
2048,64,20,1,10,1,0.04,0.04,0.02,41260
2048,64,20,1,20,1,0.04,0.04,0.01,41592
2048,64,20,1,30,1,0.03,0.04,0.01,41484
2048,64,20,1,40,1,0.04,0.04,0.01,41548
2048,64,20,1,50,1,0.04,0.04,0.01,41784
2048,64,20,1,60,1,0.04,0.03,0.02,41560
2048,64,20,1,70,1,0.04,0.04,0.02,41000
2048,64,20,1,80,1,0.04,0.04,0.01,41292
2048,64,20,1,90,1,0.04,0.03,0.03,41728
2048,64,20,1,100,1,0.04,0.04,0.02,41732
2048,64,30,1,0,1,0.04,0.04,0.01,41624
2048,64,30,1,10,1,0.04,0.04,0.02,41684
2048,64,30,1,20,1,0.04,0.04,0.01,41752
2048,64,30,1,30,1,0.04,0.04,0.02,41860
2048,64,30,1,40,1,0.04,0.03,0.02,41612
2048,64,30,1,50,1,0.04,0.04,0.02,41600
2048,64,30,1,60,1,0.04,0.04,0.02,41720
2048,64,30,1,70,1,0.04,0.04,0.01,41492
2048,64,30,1,80,1,0.04,0.04,0.02,41600
2048,64,30,1,90,1,0.04,0.04,0.01,41204
2048,64,30,1,100,1,0.04,0.05,0.01,41684
2048,64,40,1,0,1,0.03,0.04,0.02,41348
2048,64,40,1,10,1,0.04,0.04,0.02,41612
2048,64,40,1,20,1,0.04,0.04,0.02,41368
2048,64,40,1,30,1,0.04,0.04,0.01,41740
2048,64,40,1,40,1,0.04,0.04,0.01,41600
2048,64,40,1,50,1,0.04,0.04,0.01,41664
2048,64,40,1,60,1,0.03,0.03,0.03,41892
2048,64,40,1,70,1,0.04,0.04,0.01,41664
2048,64,40,1,80,1,0.04,0.04,0.01,41608
2048,64,40,1,90,1,0.04,0.04,0.02,41216
2048,64,40,1,100,1,0.04,0.03,0.02,41288
2048,64,50,1,0,1,0.04,0.04,0.02,41352
2048,64,50,1,10,1,0.03,0.04,0.02,41432
2048,64,50,1,20,1,0.04,0.04,0.01,41196
2048,64,50,1,30,1,0.04,0.04,0.01,41488
2048,64,50,1,40,1,0.04,0.04,0.02,41244
2048,64,50,1,50,1,0.04,0.04,0.02,41352
2048,64,50,1,60,1,0.04,0.05,0.01,41496
2048,64,50,1,70,1,0.04,0.04,0.02,41632
2048,64,50,1,80,1,0.04,0.05,0.01,41396
2048,64,50,1,90,1,0.04,0.04,0.02,41676
2048,64,50,1,100,1,0.04,0.04,0.01,41424
2048,64,60,1,0,1,0.04,0.04,0.02,41756
2048,64,60,1,10,1,0.04,0.04,0.02,41408
2048,64,60,1,20,1,0.04,0.04,0.02,41804
2048,64,60,1,30,1,0.04,0.04,0.02,41552
2048,64,60,1,40,1,0.04,0.04,0.01,41828
2048,64,60,1,50,1,0.04,0.05,0.01,41608
2048,64,60,1,60,1,0.04,0.04,0.02,41680
2048,64,60,1,70,1,0.03,0.04,0.02,41712
2048,64,60,1,80,1,0.04,0.04,0.02,41496
2048,64,60,1,90,1,0.03,0.04,0.02,41644
2048,64,60,1,100,1,0.04,0.05,0.01,41812
2048,64,100,1,0,1,0.04,0.04,0.01,41836
2048,64,100,1,10,1,0.04,0.04,0.02,41320
2048,64,100,1,20,1,0.04,0.03,0.03,41384
2048,64,100,1,30,1,0.04,0.04,0.02,41548
2048,64,100,1,40,1,0.04,0.04,0.02,41472
2048,64,100,1,50,1,0.04,0.04,0.01,41328
2048,64,100,1,60,1,0.04,0.04,0.02,41684
2048,64,100,1,70,1,0.04,0.04,0.02,41624
2048,64,100,1,80,1,0.04,0.04,0.01,41792
2048,64,100,1,90,1,0.04,0.04,0.02,41620
2048,64,100,1,100,1,0.04,0.04,0.02,41716
2048,64,1000,1,0,1,0.04,0.05,0.01,41568
2048,64,1000,1,10,1,0.04,0.04,0.02,41920
2048,64,1000,1,20,1,0.04,0.05,0.01,41876
2048,64,1000,1,30,1,0.04,0.05,0.02,41720
2048,64,1000,1,40,1,0.04,0.05,0.02,41688
2048,64,1000,1,50,1,0.04,0.05,0.01,41264
2048,64,1000,1,60,1,0.04,0.04,0.02,41380
2048,64,1000,1,70,1,0.04,0.04,0.02,41728
2048,64,1000,1,80,1,0.04,0.05,0.01,41500
2048,64,1000,1,90,1,0.04,0.04,0.02,41568
2048,64,1000,1,100,1,0.04,0.04,0.02,41428
4096,2,10,1,0,1,0.04,0.04,0.02,41568
4096,2,10,1,10,1,0.04,0.04,0.02,41496
4096,2,10,1,20,1,0.04,0.04,0.02,41632
4096,2,10,1,30,1,0.04,0.04,0.02,41568
4096,2,10,1,40,1,0.04,0.04,0.01,41544
4096,2,10,1,50,1,0.04,0.04,0.02,41376
4096,2,10,1,60,1,0.04,0.04,0.02,41624
4096,2,10,1,70,1,0.04,0.04,0.02,41560
4096,2,10,1,80,1,0.04,0.04,0.02,41412
4096,2,10,1,90,1,0.04,0.04,0.02,41872
4096,2,10,1,100,1,0.04,0.04,0.02,41664
4096,2,20,1,0,1,0.04,0.04,0.03,41784
4096,2,20,1,10,1,0.04,0.04,0.02,41468
4096,2,20,1,20,1,0.04,0.05,0.02,41856
4096,2,20,1,30,1,0.04,0.04,0.02,41868
4096,2,20,1,40,1,0.05,0.05,0.02,41640
4096,2,20,1,50,1,0.04,0.05,0.02,41944
4096,2,20,1,60,1,0.05,0.05,0.02,41696
4096,2,20,1,70,1,0.04,0.05,0.02,41884
4096,2,20,1,80,1,0.04,0.05,0.02,41656
4096,2,20,1,90,1,0.04,0.05,0.01,41908
4096,2,20,1,100,1,0.04,0.05,0.01,41292
4096,2,30,1,0,1,0.05,0.05,0.02,42044
4096,2,30,1,10,1,0.04,0.05,0.02,41992
4096,2,30,1,20,1,0.04,0.06,0.01,42316
4096,2,30,1,30,1,0.04,0.05,0.02,41904
4096,2,30,1,40,1,0.04,0.05,0.02,42108
4096,2,30,1,50,1,0.04,0.05,0.02,41872
4096,2,30,1,60,1,0.04,0.05,0.02,42188
4096,2,30,1,70,1,0.04,0.05,0.02,42096
4096,2,30,1,80,1,0.04,0.05,0.02,42236
4096,2,30,1,90,1,0.05,0.05,0.01,42244
4096,2,30,1,100,1,0.05,0.06,0.01,42096
4096,2,40,1,0,1,0.04,0.05,0.02,42172
4096,2,40,1,10,1,0.04,0.05,0.02,42448
4096,2,40,1,20,1,0.04,0.05,0.02,42344
4096,2,40,1,30,1,0.04,0.05,0.02,41668
4096,2,40,1,40,1,0.04,0.05,0.02,42228
4096,2,40,1,50,1,0.04,0.05,0.02,42108
4096,2,40,1,60,1,0.04,0.05,0.02,41652
4096,2,40,1,70,1,0.04,0.05,0.02,41988
4096,2,40,1,80,1,0.04,0.05,0.02,41964
4096,2,40,1,90,1,0.04,0.06,0.01,42152
4096,2,40,1,100,1,0.04,0.05,0.02,42248
4096,2,50,1,0,1,0.04,0.06,0.02,42292
4096,2,50,1,10,1,0.04,0.06,0.01,42364
4096,2,50,1,20,1,0.04,0.06,0.01,42176
4096,2,50,1,30,1,0.04,0.05,0.02,42240
4096,2,50,1,40,1,0.04,0.06,0.01,42256
4096,2,50,1,50,1,0.04,0.05,0.02,42568
4096,2,50,1,60,1,0.04,0.06,0.01,42336
4096,2,50,1,70,1,0.04,0.06,0.02,41984
4096,2,50,1,80,1,0.04,0.05,0.02,42116
4096,2,50,1,90,1,0.04,0.06,0.01,42400
4096,2,50,1,100,1,0.04,0.06,0.01,42044
4096,2,60,1,0,1,0.04,0.05,0.02,41624
4096,2,60,1,10,1,0.04,0.06,0.01,42116
4096,2,60,1,20,1,0.04,0.06,0.01,41836
4096,2,60,1,30,1,0.04,0.06,0.01,42232
4096,2,60,1,40,1,0.05,0.07,0.01,42092
4096,2,60,1,50,1,0.04,0.06,0.02,42328
4096,2,60,1,60,1,0.04,0.05,0.02,42132
4096,2,60,1,70,1,0.04,0.06,0.02,42532
4096,2,60,1,80,1,0.04,0.06,0.02,42232
4096,2,60,1,90,1,0.04,0.05,0.02,42248
4096,2,60,1,100,1,0.04,0.06,0.02,42180
4096,2,100,1,0,1,0.05,0.07,0.01,44228
4096,2,100,1,10,1,0.05,0.06,0.03,43976
4096,2,100,1,20,1,0.05,0.07,0.02,43968
4096,2,100,1,30,1,0.05,0.06,0.02,43920
4096,2,100,1,40,1,0.05,0.06,0.03,43812
4096,2,100,1,50,1,0.05,0.06,0.02,43344
4096,2,100,1,60,1,0.05,0.07,0.02,43988
4096,2,100,1,70,1,0.05,0.07,0.01,43740
4096,2,100,1,80,1,0.05,0.07,0.02,43820
4096,2,100,1,90,1,0.06,0.07,0.02,43340
4096,2,100,1,100,1,0.05,0.06,0.02,43688
4096,2,1000,1,0,1,0.08,0.16,0.04,58216
4096,2,1000,1,10,1,0.08,0.16,0.03,54428
4096,2,1000,1,20,1,0.08,0.15,0.04,57052
4096,2,1000,1,30,1,0.08,0.16,0.03,57400
4096,2,1000,1,40,1,0.08,0.16,0.04,57460
4096,2,1000,1,50,1,0.08,0.17,0.03,58148
4096,2,1000,1,60,1,0.08,0.16,0.03,57232
4096,2,1000,1,70,1,0.07,0.16,0.03,55976
4096,2,1000,1,80,1,0.08,0.17,0.03,56396
4096,2,1000,1,90,1,0.08,0.16,0.03,55044
4096,2,1000,1,100,1,0.08,0.16,0.04,56436
4096,4,10,1,0,1,0.04,0.04,0.02,41608
4096,4,10,1,10,1,0.04,0.04,0.02,41912
4096,4,10,1,20,1,0.03,0.04,0.01,41632
4096,4,10,1,30,1,0.04,0.04,0.02,41412
4096,4,10,1,40,1,0.04,0.04,0.02,41648
4096,4,10,1,50,1,0.04,0.04,0.02,41480
4096,4,10,1,60,1,0.04,0.04,0.02,41500
4096,4,10,1,70,1,0.04,0.04,0.02,41472
4096,4,10,1,80,1,0.04,0.05,0.01,41284
4096,4,10,1,90,1,0.04,0.04,0.02,41688
4096,4,10,1,100,1,0.04,0.04,0.02,41624
4096,4,20,1,0,1,0.05,0.05,0.02,41968
4096,4,20,1,10,1,0.04,0.05,0.01,41740
4096,4,20,1,20,1,0.05,0.05,0.02,41640
4096,4,20,1,30,1,0.04,0.04,0.02,41268
4096,4,20,1,40,1,0.04,0.04,0.02,42128
4096,4,20,1,50,1,0.04,0.04,0.02,41432
4096,4,20,1,60,1,0.04,0.05,0.01,41608
4096,4,20,1,70,1,0.05,0.04,0.02,41736
4096,4,20,1,80,1,0.04,0.05,0.02,41768
4096,4,20,1,90,1,0.04,0.04,0.02,41736
4096,4,20,1,100,1,0.04,0.04,0.02,41744
4096,4,30,1,0,1,0.05,0.05,0.02,42240
4096,4,30,1,10,1,0.05,0.05,0.02,42072
4096,4,30,1,20,1,0.04,0.05,0.02,42540
4096,4,30,1,30,1,0.05,0.05,0.01,42332
4096,4,30,1,40,1,0.05,0.05,0.02,41864
4096,4,30,1,50,1,0.05,0.05,0.01,42004
4096,4,30,1,60,1,0.05,0.05,0.01,42188
4096,4,30,1,70,1,0.05,0.06,0.01,42020
4096,4,30,1,80,1,0.05,0.05,0.02,42480
4096,4,30,1,90,1,0.04,0.05,0.01,41724
4096,4,30,1,100,1,0.05,0.05,0.02,42244
4096,4,40,1,0,1,0.04,0.05,0.02,42444
4096,4,40,1,10,1,0.04,0.06,0.01,42324
4096,4,40,1,20,1,0.04,0.05,0.02,41920
4096,4,40,1,30,1,0.04,0.06,0.01,42248
4096,4,40,1,40,1,0.04,0.05,0.02,42336
4096,4,40,1,50,1,0.04,0.06,0.02,41916
4096,4,40,1,60,1,0.04,0.05,0.02,42312
4096,4,40,1,70,1,0.04,0.05,0.02,42164
4096,4,40,1,80,1,0.04,0.05,0.02,42496
4096,4,40,1,90,1,0.04,0.05,0.02,42256
4096,4,40,1,100,1,0.04,0.06,0.01,42044
4096,4,50,1,0,1,0.04,0.06,0.01,42112
4096,4,50,1,10,1,0.04,0.06,0.01,41912
4096,4,50,1,20,1,0.04,0.06,0.01,41920
4096,4,50,1,30,1,0.04,0.05,0.02,42448
4096,4,50,1,40,1,0.04,0.06,0.02,42136
4096,4,50,1,50,1,0.04,0.06,0.02,42144
4096,4,50,1,60,1,0.04,0.05,0.02,42032
4096,4,50,1,70,1,0.04,0.06,0.02,42308
4096,4,50,1,80,1,0.04,0.06,0.02,41740
4096,4,50,1,90,1,0.04,0.06,0.02,42028
4096,4,50,1,100,1,0.04,0.06,0.01,42400
4096,4,60,1,0,1,0.05,0.06,0.01,42412
4096,4,60,1,10,1,0.04,0.05,0.02,42148
4096,4,60,1,20,1,0.05,0.06,0.02,42412
4096,4,60,1,30,1,0.05,0.06,0.02,41904
4096,4,60,1,40,1,0.05,0.06,0.02,42508
4096,4,60,1,50,1,0.05,0.06,0.02,42168
4096,4,60,1,60,1,0.05,0.06,0.01,42424
4096,4,60,1,70,1,0.04,0.06,0.01,42504
4096,4,60,1,80,1,0.05,0.05,0.02,42276
4096,4,60,1,90,1,0.04,0.06,0.02,42464
4096,4,60,1,100,1,0.05,0.06,0.01,42108
4096,4,100,1,0,1,0.04,0.06,0.02,43096
4096,4,100,1,10,1,0.05,0.07,0.02,43384
4096,4,100,1,20,1,0.04,0.06,0.02,43012
4096,4,100,1,30,1,0.05,0.06,0.02,43368
4096,4,100,1,40,1,0.05,0.07,0.02,43140
4096,4,100,1,50,1,0.05,0.07,0.01,43552
4096,4,100,1,60,1,0.06,0.07,0.02,43240
4096,4,100,1,70,1,0.05,0.07,0.01,43124
4096,4,100,1,80,1,0.05,0.06,0.02,43180
4096,4,100,1,90,1,0.05,0.06,0.03,43160
4096,4,100,1,100,1,0.05,0.06,0.02,43272
4096,4,1000,1,0,1,0.06,0.09,0.03,45856
4096,4,1000,1,10,1,0.06,0.11,0.02,45352
4096,4,1000,1,20,1,0.06,0.10,0.02,45792
4096,4,1000,1,30,1,0.06,0.10,0.02,46316
4096,4,1000,1,40,1,0.07,0.10,0.02,45992
4096,4,1000,1,50,1,0.07,0.10,0.02,45092
4096,4,1000,1,60,1,0.06,0.10,0.02,45744
4096,4,1000,1,70,1,0.07,0.11,0.02,46076
4096,4,1000,1,80,1,0.06,0.10,0.02,45764
4096,4,1000,1,90,1,0.07,0.10,0.02,45844
4096,4,1000,1,100,1,0.07,0.10,0.03,45560
4096,8,10,1,0,1,0.04,0.04,0.01,41624
4096,8,10,1,10,1,0.04,0.04,0.02,41776
4096,8,10,1,20,1,0.04,0.04,0.01,42128
4096,8,10,1,30,1,0.04,0.04,0.02,41712
4096,8,10,1,40,1,0.04,0.04,0.02,41908
4096,8,10,1,50,1,0.04,0.04,0.02,41476
4096,8,10,1,60,1,0.04,0.04,0.02,41692
4096,8,10,1,70,1,0.04,0.04,0.02,41652
4096,8,10,1,80,1,0.04,0.04,0.02,41552
4096,8,10,1,90,1,0.04,0.05,0.01,41836
4096,8,10,1,100,1,0.04,0.05,0.01,41864
4096,8,20,1,0,1,0.04,0.04,0.02,41580
4096,8,20,1,10,1,0.04,0.05,0.01,41820
4096,8,20,1,20,1,0.04,0.05,0.01,41928
4096,8,20,1,30,1,0.04,0.05,0.02,41760
4096,8,20,1,40,1,0.04,0.04,0.02,41680
4096,8,20,1,50,1,0.04,0.04,0.02,41796
4096,8,20,1,60,1,0.04,0.04,0.02,41388
4096,8,20,1,70,1,0.04,0.04,0.02,41696
4096,8,20,1,80,1,0.04,0.04,0.02,42220
4096,8,20,1,90,1,0.04,0.05,0.02,41648
4096,8,20,1,100,1,0.04,0.05,0.01,41540
4096,8,30,1,0,1,0.05,0.05,0.02,42088
4096,8,30,1,10,1,0.05,0.05,0.02,42384
4096,8,30,1,20,1,0.04,0.05,0.02,42016
4096,8,30,1,30,1,0.05,0.06,0.01,41932
4096,8,30,1,40,1,0.05,0.05,0.02,41832
4096,8,30,1,50,1,0.05,0.05,0.02,41908
4096,8,30,1,60,1,0.05,0.05,0.02,41996
4096,8,30,1,70,1,0.05,0.05,0.02,41928
4096,8,30,1,80,1,0.05,0.05,0.02,41972
4096,8,30,1,90,1,0.05,0.05,0.02,42204
4096,8,30,1,100,1,0.05,0.06,0.01,41940
4096,8,40,1,0,1,0.04,0.05,0.02,42236
4096,8,40,1,10,1,0.04,0.05,0.02,42120
4096,8,40,1,20,1,0.04,0.05,0.02,42732
4096,8,40,1,30,1,0.04,0.05,0.02,42200
4096,8,40,1,40,1,0.04,0.05,0.02,41792
4096,8,40,1,50,1,0.04,0.05,0.02,42396
4096,8,40,1,60,1,0.04,0.05,0.02,42100
4096,8,40,1,70,1,0.04,0.05,0.02,42124
4096,8,40,1,80,1,0.04,0.05,0.02,42060
4096,8,40,1,90,1,0.04,0.05,0.02,42176
4096,8,40,1,100,1,0.04,0.05,0.02,42220
4096,8,50,1,0,1,0.04,0.05,0.02,42272
4096,8,50,1,10,1,0.05,0.06,0.02,42388
4096,8,50,1,20,1,0.05,0.06,0.02,41772
4096,8,50,1,30,1,0.05,0.05,0.03,42048
4096,8,50,1,40,1,0.05,0.06,0.02,42300
4096,8,50,1,50,1,0.05,0.05,0.02,42156
4096,8,50,1,60,1,0.05,0.05,0.02,42052
4096,8,50,1,70,1,0.05,0.05,0.02,42424
4096,8,50,1,80,1,0.04,0.06,0.01,42172
4096,8,50,1,90,1,0.04,0.06,0.02,42012
4096,8,50,1,100,1,0.05,0.05,0.02,42360
4096,8,60,1,0,1,0.04,0.06,0.02,42612
4096,8,60,1,10,1,0.04,0.07,0.01,42568
4096,8,60,1,20,1,0.04,0.05,0.02,42328
4096,8,60,1,30,1,0.04,0.05,0.02,42556
4096,8,60,1,40,1,0.04,0.06,0.01,42364
4096,8,60,1,50,1,0.04,0.06,0.02,42128
4096,8,60,1,60,1,0.04,0.05,0.03,42308
4096,8,60,1,70,1,0.04,0.06,0.02,42244
4096,8,60,1,80,1,0.04,0.05,0.03,42308
4096,8,60,1,90,1,0.05,0.06,0.02,42540
4096,8,60,1,100,1,0.04,0.06,0.02,41972
4096,8,100,1,0,1,0.05,0.06,0.02,42960
4096,8,100,1,10,1,0.04,0.07,0.02,43312
4096,8,100,1,20,1,0.05,0.07,0.02,43196
4096,8,100,1,30,1,0.05,0.07,0.02,43516
4096,8,100,1,40,1,0.05,0.07,0.02,43508
4096,8,100,1,50,1,0.04,0.07,0.02,43072
4096,8,100,1,60,1,0.06,0.07,0.01,43464
4096,8,100,1,70,1,0.05,0.06,0.02,43716
4096,8,100,1,80,1,0.04,0.07,0.02,42756
4096,8,100,1,90,1,0.04,0.07,0.02,43380
4096,8,100,1,100,1,0.04,0.06,0.02,43140
4096,8,1000,1,0,1,0.06,0.09,0.02,44864
4096,8,1000,1,10,1,0.06,0.09,0.03,44908
4096,8,1000,1,20,1,0.06,0.09,0.02,44192
4096,8,1000,1,30,1,0.06,0.09,0.02,44868
4096,8,1000,1,40,1,0.06,0.09,0.02,44220
4096,8,1000,1,50,1,0.06,0.08,0.03,44776
4096,8,1000,1,60,1,0.06,0.09,0.02,44344
4096,8,1000,1,70,1,0.06,0.09,0.02,45108
4096,8,1000,1,80,1,0.06,0.10,0.02,44152
4096,8,1000,1,90,1,0.06,0.09,0.02,45112
4096,8,1000,1,100,1,0.06,0.09,0.02,45064
4096,16,10,1,0,1,0.04,0.04,0.01,41724
4096,16,10,1,10,1,0.04,0.04,0.02,41840
4096,16,10,1,20,1,0.04,0.04,0.02,41544
4096,16,10,1,30,1,0.04,0.04,0.02,41372
4096,16,10,1,40,1,0.05,0.04,0.02,41472
4096,16,10,1,50,1,0.04,0.04,0.01,41352
4096,16,10,1,60,1,0.04,0.04,0.02,41828
4096,16,10,1,70,1,0.04,0.04,0.02,41332
4096,16,10,1,80,1,0.04,0.04,0.02,41508
4096,16,10,1,90,1,0.04,0.04,0.02,41884
4096,16,10,1,100,1,0.04,0.04,0.02,41624
4096,16,20,1,0,1,0.04,0.05,0.02,41588
4096,16,20,1,10,1,0.05,0.05,0.01,41640
4096,16,20,1,20,1,0.05,0.04,0.02,41768
4096,16,20,1,30,1,0.04,0.04,0.02,41832
4096,16,20,1,40,1,0.04,0.04,0.02,41960
4096,16,20,1,50,1,0.05,0.05,0.01,41700
4096,16,20,1,60,1,0.05,0.04,0.02,41624
4096,16,20,1,70,1,0.04,0.04,0.02,41636
4096,16,20,1,80,1,0.04,0.04,0.02,41964
4096,16,20,1,90,1,0.05,0.04,0.02,41876
4096,16,20,1,100,1,0.04,0.05,0.01,41656
4096,16,30,1,0,1,0.04,0.05,0.02,41532
4096,16,30,1,10,1,0.04,0.05,0.01,42152
4096,16,30,1,20,1,0.04,0.05,0.02,41512
4096,16,30,1,30,1,0.04,0.06,0.01,41928
4096,16,30,1,40,1,0.05,0.05,0.02,41864
4096,16,30,1,50,1,0.04,0.05,0.02,42128
4096,16,30,1,60,1,0.04,0.05,0.02,41940
4096,16,30,1,70,1,0.04,0.05,0.01,41668
4096,16,30,1,80,1,0.04,0.06,0.01,41824
4096,16,30,1,90,1,0.04,0.05,0.02,41652
4096,16,30,1,100,1,0.04,0.05,0.01,42104
4096,16,40,1,0,1,0.04,0.05,0.02,42376
4096,16,40,1,10,1,0.04,0.06,0.01,42312
4096,16,40,1,20,1,0.04,0.05,0.02,42472
4096,16,40,1,30,1,0.04,0.05,0.02,42056
4096,16,40,1,40,1,0.04,0.05,0.02,41952
4096,16,40,1,50,1,0.04,0.06,0.02,42272
4096,16,40,1,60,1,0.04,0.05,0.02,42032
4096,16,40,1,70,1,0.04,0.05,0.02,42060
4096,16,40,1,80,1,0.04,0.05,0.02,41836
4096,16,40,1,90,1,0.04,0.06,0.01,42324
4096,16,40,1,100,1,0.04,0.05,0.02,42092
4096,16,50,1,0,1,0.04,0.06,0.02,41864
4096,16,50,1,10,1,0.04,0.06,0.02,42172
4096,16,50,1,20,1,0.05,0.05,0.02,42264
4096,16,50,1,30,1,0.04,0.05,0.02,42052
4096,16,50,1,40,1,0.04,0.05,0.02,42368
4096,16,50,1,50,1,0.04,0.06,0.01,41984
4096,16,50,1,60,1,0.04,0.06,0.01,41736
4096,16,50,1,70,1,0.04,0.06,0.02,42004
4096,16,50,1,80,1,0.04,0.06,0.02,42096
4096,16,50,1,90,1,0.04,0.05,0.02,42296
4096,16,50,1,100,1,0.04,0.06,0.02,42216
4096,16,60,1,0,1,0.04,0.06,0.02,41928
4096,16,60,1,10,1,0.04,0.06,0.02,42388
4096,16,60,1,20,1,0.04,0.05,0.02,42708
4096,16,60,1,30,1,0.04,0.05,0.03,42104
4096,16,60,1,40,1,0.04,0.05,0.02,41924
4096,16,60,1,50,1,0.04,0.05,0.02,42532
4096,16,60,1,60,1,0.04,0.05,0.02,42152
4096,16,60,1,70,1,0.04,0.06,0.02,42276
4096,16,60,1,80,1,0.05,0.06,0.01,42244
4096,16,60,1,90,1,0.04,0.06,0.02,42112
4096,16,60,1,100,1,0.04,0.06,0.02,42380
4096,16,100,1,0,1,0.05,0.06,0.02,42876
4096,16,100,1,10,1,0.05,0.06,0.02,43140
4096,16,100,1,20,1,0.05,0.06,0.02,43248
4096,16,100,1,30,1,0.05,0.06,0.02,42864
4096,16,100,1,40,1,0.05,0.06,0.02,43784
4096,16,100,1,50,1,0.05,0.06,0.02,43916
4096,16,100,1,60,1,0.05,0.06,0.02,43712
4096,16,100,1,70,1,0.05,0.05,0.03,43300
4096,16,100,1,80,1,0.05,0.06,0.02,43240
4096,16,100,1,90,1,0.05,0.06,0.02,43064
4096,16,100,1,100,1,0.05,0.07,0.01,43272
4096,16,1000,1,0,1,0.06,0.07,0.02,44172
4096,16,1000,1,10,1,0.06,0.08,0.02,44144
4096,16,1000,1,20,1,0.06,0.06,0.03,44108
4096,16,1000,1,30,1,0.06,0.07,0.03,43580
4096,16,1000,1,40,1,0.06,0.08,0.02,43724
4096,16,1000,1,50,1,0.06,0.08,0.02,44040
4096,16,1000,1,60,1,0.06,0.07,0.02,44128
4096,16,1000,1,70,1,0.06,0.08,0.02,43916
4096,16,1000,1,80,1,0.06,0.07,0.02,43772
4096,16,1000,1,90,1,0.06,0.08,0.01,44308
4096,16,1000,1,100,1,0.05,0.08,0.02,44020
4096,32,10,1,0,1,0.03,0.04,0.02,41344
4096,32,10,1,10,1,0.04,0.04,0.02,41472
4096,32,10,1,20,1,0.04,0.04,0.02,41528
4096,32,10,1,30,1,0.04,0.04,0.01,41936
4096,32,10,1,40,1,0.04,0.04,0.02,41640
4096,32,10,1,50,1,0.04,0.04,0.02,41608
4096,32,10,1,60,1,0.04,0.04,0.02,41860
4096,32,10,1,70,1,0.03,0.03,0.02,41796
4096,32,10,1,80,1,0.04,0.04,0.01,41268
4096,32,10,1,90,1,0.04,0.04,0.02,41752
4096,32,10,1,100,1,0.04,0.04,0.02,41612
4096,32,20,1,0,1,0.04,0.04,0.02,41948
4096,32,20,1,10,1,0.04,0.04,0.02,41732
4096,32,20,1,20,1,0.04,0.05,0.01,41556
4096,32,20,1,30,1,0.04,0.05,0.02,41672
4096,32,20,1,40,1,0.04,0.05,0.01,41904
4096,32,20,1,50,1,0.04,0.05,0.01,41884
4096,32,20,1,60,1,0.04,0.04,0.02,41632
4096,32,20,1,70,1,0.04,0.04,0.02,41544
4096,32,20,1,80,1,0.04,0.05,0.01,42084
4096,32,20,1,90,1,0.04,0.04,0.02,41740
4096,32,20,1,100,1,0.04,0.04,0.02,41956
4096,32,30,1,0,1,0.04,0.05,0.02,42344
4096,32,30,1,10,1,0.04,0.06,0.01,41664
4096,32,30,1,20,1,0.04,0.05,0.02,41812
4096,32,30,1,30,1,0.05,0.06,0.01,41704
4096,32,30,1,40,1,0.04,0.05,0.02,42308
4096,32,30,1,50,1,0.04,0.05,0.02,41680
4096,32,30,1,60,1,0.04,0.05,0.02,41472
4096,32,30,1,70,1,0.04,0.05,0.02,42128
4096,32,30,1,80,1,0.04,0.05,0.01,41804
4096,32,30,1,90,1,0.04,0.05,0.02,42264
4096,32,30,1,100,1,0.04,0.05,0.02,41924
4096,32,40,1,0,1,0.04,0.06,0.01,42216
4096,32,40,1,10,1,0.04,0.05,0.02,42016
4096,32,40,1,20,1,0.04,0.06,0.02,42036
4096,32,40,1,30,1,0.04,0.06,0.01,41848
4096,32,40,1,40,1,0.04,0.05,0.02,41980
4096,32,40,1,50,1,0.04,0.05,0.02,42436
4096,32,40,1,60,1,0.04,0.05,0.02,42088
4096,32,40,1,70,1,0.04,0.04,0.03,42096
4096,32,40,1,80,1,0.04,0.05,0.02,42484
4096,32,40,1,90,1,0.04,0.04,0.03,42256
4096,32,40,1,100,1,0.04,0.06,0.02,42056
4096,32,50,1,0,1,0.04,0.05,0.02,42004
4096,32,50,1,10,1,0.04,0.05,0.02,41712
4096,32,50,1,20,1,0.04,0.05,0.02,42076
4096,32,50,1,30,1,0.04,0.05,0.02,42120
4096,32,50,1,40,1,0.04,0.06,0.01,42496
4096,32,50,1,50,1,0.04,0.06,0.01,42388
4096,32,50,1,60,1,0.04,0.05,0.02,42116
4096,32,50,1,70,1,0.04,0.06,0.01,42192
4096,32,50,1,80,1,0.04,0.06,0.02,42080
4096,32,50,1,90,1,0.04,0.06,0.02,42540
4096,32,50,1,100,1,0.04,0.06,0.02,41972
4096,32,60,1,0,1,0.04,0.06,0.01,42320
4096,32,60,1,10,1,0.04,0.05,0.02,41952
4096,32,60,1,20,1,0.04,0.05,0.02,42076
4096,32,60,1,30,1,0.04,0.05,0.02,41952
4096,32,60,1,40,1,0.04,0.05,0.02,42328
4096,32,60,1,50,1,0.04,0.06,0.02,42048
4096,32,60,1,60,1,0.04,0.06,0.02,42268
4096,32,60,1,70,1,0.04,0.06,0.01,42036
4096,32,60,1,80,1,0.04,0.05,0.02,42120
4096,32,60,1,90,1,0.04,0.05,0.02,41928
4096,32,60,1,100,1,0.04,0.05,0.02,41912
4096,32,100,1,0,1,0.04,0.05,0.02,42120
4096,32,100,1,10,1,0.04,0.05,0.02,42104
4096,32,100,1,20,1,0.04,0.05,0.02,41844
4096,32,100,1,30,1,0.04,0.05,0.02,41984
4096,32,100,1,40,1,0.04,0.05,0.02,42124
4096,32,100,1,50,1,0.04,0.06,0.01,41996
4096,32,100,1,60,1,0.04,0.06,0.01,41960
4096,32,100,1,70,1,0.04,0.05,0.02,41896
4096,32,100,1,80,1,0.04,0.04,0.03,42212
4096,32,100,1,90,1,0.04,0.05,0.02,42512
4096,32,100,1,100,1,0.04,0.06,0.01,42132
4096,32,1000,1,0,1,0.05,0.07,0.02,42656
4096,32,1000,1,10,1,0.04,0.06,0.02,42360
4096,32,1000,1,20,1,0.04,0.06,0.02,42548
4096,32,1000,1,30,1,0.04,0.07,0.01,42484
4096,32,1000,1,40,1,0.04,0.07,0.02,42532
4096,32,1000,1,50,1,0.04,0.06,0.02,42216
4096,32,1000,1,60,1,0.04,0.07,0.01,42440
4096,32,1000,1,70,1,0.04,0.07,0.02,42728
4096,32,1000,1,80,1,0.04,0.06,0.02,42752
4096,32,1000,1,90,1,0.04,0.06,0.02,41936
4096,32,1000,1,100,1,0.04,0.06,0.02,42180
4096,64,10,1,0,1,0.05,0.04,0.02,41424
4096,64,10,1,10,1,0.05,0.04,0.02,41460
4096,64,10,1,20,1,0.04,0.04,0.02,41472
4096,64,10,1,30,1,0.05,0.04,0.02,41360
4096,64,10,1,40,1,0.05,0.04,0.02,41632
4096,64,10,1,50,1,0.05,0.04,0.02,41740
4096,64,10,1,60,1,0.05,0.04,0.02,41436
4096,64,10,1,70,1,0.05,0.04,0.02,41436
4096,64,10,1,80,1,0.05,0.04,0.02,41612
4096,64,10,1,90,1,0.04,0.03,0.02,41736
4096,64,10,1,100,1,0.05,0.04,0.02,41400
4096,64,20,1,0,1,0.04,0.04,0.02,41880
4096,64,20,1,10,1,0.04,0.04,0.02,41540
4096,64,20,1,20,1,0.04,0.04,0.02,41404
4096,64,20,1,30,1,0.04,0.04,0.02,41732
4096,64,20,1,40,1,0.04,0.04,0.02,41760
4096,64,20,1,50,1,0.04,0.04,0.02,41668
4096,64,20,1,60,1,0.04,0.04,0.02,41904
4096,64,20,1,70,1,0.04,0.05,0.01,41548
4096,64,20,1,80,1,0.04,0.04,0.02,41864
4096,64,20,1,90,1,0.04,0.04,0.02,41584
4096,64,20,1,100,1,0.04,0.05,0.02,41564
4096,64,30,1,0,1,0.04,0.04,0.02,41760
4096,64,30,1,10,1,0.05,0.05,0.02,42076
4096,64,30,1,20,1,0.04,0.04,0.02,41392
4096,64,30,1,30,1,0.04,0.05,0.02,41692
4096,64,30,1,40,1,0.04,0.04,0.02,41656
4096,64,30,1,50,1,0.04,0.04,0.02,41644
4096,64,30,1,60,1,0.04,0.04,0.02,41796
4096,64,30,1,70,1,0.04,0.04,0.02,41416
4096,64,30,1,80,1,0.04,0.05,0.02,41696
4096,64,30,1,90,1,0.04,0.04,0.02,41636
4096,64,30,1,100,1,0.04,0.04,0.03,41612
4096,64,40,1,0,1,0.05,0.05,0.01,41240
4096,64,40,1,10,1,0.04,0.04,0.02,41796
4096,64,40,1,20,1,0.04,0.04,0.02,41808
4096,64,40,1,30,1,0.04,0.05,0.02,41668
4096,64,40,1,40,1,0.04,0.05,0.02,41600
4096,64,40,1,50,1,0.04,0.05,0.01,41528
4096,64,40,1,60,1,0.04,0.05,0.01,41864
4096,64,40,1,70,1,0.04,0.05,0.01,41600
4096,64,40,1,80,1,0.04,0.04,0.02,41608
4096,64,40,1,90,1,0.04,0.05,0.02,41352
4096,64,40,1,100,1,0.04,0.05,0.02,41996
4096,64,50,1,0,1,0.04,0.04,0.02,41664
4096,64,50,1,10,1,0.04,0.04,0.02,41472
4096,64,50,1,20,1,0.04,0.04,0.02,42080
4096,64,50,1,30,1,0.04,0.04,0.02,41668
4096,64,50,1,40,1,0.04,0.05,0.02,41880
4096,64,50,1,50,1,0.04,0.04,0.02,41668
4096,64,50,1,60,1,0.04,0.04,0.02,41760
4096,64,50,1,70,1,0.04,0.04,0.02,41684
4096,64,50,1,80,1,0.04,0.05,0.02,41928
4096,64,50,1,90,1,0.04,0.04,0.02,41944
4096,64,50,1,100,1,0.04,0.04,0.02,42156
4096,64,60,1,0,1,0.04,0.05,0.02,41740
4096,64,60,1,10,1,0.04,0.05,0.02,41792
4096,64,60,1,20,1,0.04,0.05,0.02,42104
4096,64,60,1,30,1,0.04,0.04,0.02,42008
4096,64,60,1,40,1,0.04,0.05,0.02,41856
4096,64,60,1,50,1,0.04,0.04,0.02,41896
4096,64,60,1,60,1,0.04,0.05,0.02,41976
4096,64,60,1,70,1,0.04,0.05,0.01,41932
4096,64,60,1,80,1,0.04,0.05,0.01,41496
4096,64,60,1,90,1,0.04,0.04,0.02,41452
4096,64,60,1,100,1,0.04,0.05,0.02,41652
4096,64,100,1,0,1,0.05,0.04,0.02,41876
4096,64,100,1,10,1,0.05,0.05,0.02,41992
4096,64,100,1,20,1,0.05,0.05,0.01,41940
4096,64,100,1,30,1,0.04,0.05,0.02,42004
4096,64,100,1,40,1,0.04,0.04,0.02,41832
4096,64,100,1,50,1,0.04,0.04,0.02,41664
4096,64,100,1,60,1,0.05,0.05,0.02,41544
4096,64,100,1,70,1,0.05,0.05,0.01,42060
4096,64,100,1,80,1,0.04,0.05,0.02,41368
4096,64,100,1,90,1,0.05,0.05,0.02,41364
4096,64,100,1,100,1,0.04,0.04,0.02,41800
4096,64,1000,1,0,1,0.04,0.06,0.01,42520
4096,64,1000,1,10,1,0.04,0.05,0.02,42400
4096,64,1000,1,20,1,0.04,0.06,0.02,42312
4096,64,1000,1,30,1,0.04,0.06,0.02,41956
4096,64,1000,1,40,1,0.04,0.06,0.02,42568
4096,64,1000,1,50,1,0.04,0.05,0.03,42068
4096,64,1000,1,60,1,0.04,0.06,0.02,41964
4096,64,1000,1,70,1,0.04,0.06,0.02,42424
4096,64,1000,1,80,1,0.04,0.06,0.02,42072
4096,64,1000,1,90,1,0.04,0.06,0.01,42188
4096,64,1000,1,100,1,0.04,0.05,0.02,41848
8192,2,10,1,0,1,0.04,0.04,0.02,41984
8192,2,10,1,10,1,0.04,0.05,0.01,41684
8192,2,10,1,20,1,0.04,0.05,0.01,41788
8192,2,10,1,30,1,0.04,0.04,0.02,41196
8192,2,10,1,40,1,0.04,0.04,0.02,41940
8192,2,10,1,50,1,0.04,0.05,0.02,41316
8192,2,10,1,60,1,0.04,0.04,0.02,41460
8192,2,10,1,70,1,0.04,0.04,0.02,41824
8192,2,10,1,80,1,0.04,0.04,0.02,41564
8192,2,10,1,90,1,0.04,0.04,0.01,41456
8192,2,10,1,100,1,0.04,0.05,0.01,41660
8192,2,20,1,0,1,0.04,0.05,0.02,41428
8192,2,20,1,10,1,0.04,0.05,0.02,41924
8192,2,20,1,20,1,0.04,0.05,0.01,41720
8192,2,20,1,30,1,0.05,0.05,0.01,41692
8192,2,20,1,40,1,0.05,0.05,0.01,41484
8192,2,20,1,50,1,0.04,0.04,0.02,41568
8192,2,20,1,60,1,0.05,0.05,0.01,41448
8192,2,20,1,70,1,0.05,0.04,0.02,41888
8192,2,20,1,80,1,0.04,0.04,0.02,41856
8192,2,20,1,90,1,0.04,0.05,0.02,41396
8192,2,20,1,100,1,0.05,0.05,0.02,41488
8192,2,30,1,0,1,0.04,0.05,0.02,41892
8192,2,30,1,10,1,0.04,0.05,0.02,41924
8192,2,30,1,20,1,0.04,0.05,0.01,41948
8192,2,30,1,30,1,0.04,0.05,0.02,42124
8192,2,30,1,40,1,0.04,0.05,0.01,42160
8192,2,30,1,50,1,0.04,0.05,0.01,42056
8192,2,30,1,60,1,0.04,0.05,0.02,42292
8192,2,30,1,70,1,0.04,0.05,0.02,41940
8192,2,30,1,80,1,0.04,0.05,0.02,42168
8192,2,30,1,90,1,0.04,0.05,0.01,42000
8192,2,30,1,100,1,0.04,0.05,0.02,42124
8192,2,40,1,0,1,0.04,0.06,0.01,42132
8192,2,40,1,10,1,0.04,0.05,0.02,42068
8192,2,40,1,20,1,0.04,0.05,0.02,42380
8192,2,40,1,30,1,0.04,0.05,0.02,41820
8192,2,40,1,40,1,0.04,0.06,0.01,42280
8192,2,40,1,50,1,0.04,0.05,0.02,42104
8192,2,40,1,60,1,0.04,0.05,0.02,42152
8192,2,40,1,70,1,0.04,0.05,0.02,41864
8192,2,40,1,80,1,0.04,0.05,0.02,42020
8192,2,40,1,90,1,0.04,0.06,0.01,42060
8192,2,40,1,100,1,0.04,0.05,0.02,42048
8192,2,50,1,0,1,0.04,0.05,0.02,41752
8192,2,50,1,10,1,0.04,0.06,0.01,42340
8192,2,50,1,20,1,0.04,0.05,0.02,42500
8192,2,50,1,30,1,0.04,0.06,0.02,42048
8192,2,50,1,40,1,0.04,0.05,0.02,42056
8192,2,50,1,50,1,0.04,0.06,0.01,42284
8192,2,50,1,60,1,0.04,0.05,0.02,41884
8192,2,50,1,70,1,0.04,0.06,0.02,42252
8192,2,50,1,80,1,0.04,0.06,0.01,42256
8192,2,50,1,90,1,0.04,0.05,0.02,42168
8192,2,50,1,100,1,0.04,0.06,0.01,42456
8192,2,60,1,0,1,0.04,0.06,0.02,42272
8192,2,60,1,10,1,0.05,0.06,0.02,42540
8192,2,60,1,20,1,0.04,0.06,0.01,41808
8192,2,60,1,30,1,0.04,0.06,0.02,42484
8192,2,60,1,40,1,0.05,0.06,0.02,42296
8192,2,60,1,50,1,0.04,0.06,0.02,42480
8192,2,60,1,60,1,0.04,0.06,0.01,42336
8192,2,60,1,70,1,0.04,0.06,0.02,42616
8192,2,60,1,80,1,0.04,0.05,0.02,42128
8192,2,60,1,90,1,0.05,0.06,0.02,42252
8192,2,60,1,100,1,0.05,0.05,0.03,42184
8192,2,100,1,0,1,0.05,0.06,0.02,43208
8192,2,100,1,10,1,0.05,0.06,0.02,43712
8192,2,100,1,20,1,0.05,0.07,0.02,43328
8192,2,100,1,30,1,0.05,0.07,0.02,43652
8192,2,100,1,40,1,0.05,0.06,0.02,43840
8192,2,100,1,50,1,0.05,0.06,0.02,43540
8192,2,100,1,60,1,0.05,0.07,0.01,43620
8192,2,100,1,70,1,0.05,0.06,0.02,43500
8192,2,100,1,80,1,0.05,0.07,0.02,43760
8192,2,100,1,90,1,0.05,0.06,0.02,43300
8192,2,100,1,100,1,0.05,0.07,0.02,43312
8192,2,1000,1,0,1,0.08,0.19,0.04,58896
8192,2,1000,1,10,1,0.08,0.22,0.03,60260
8192,2,1000,1,20,1,0.08,0.19,0.04,57908
8192,2,1000,1,30,1,0.09,0.23,0.05,60336
8192,2,1000,1,40,1,0.08,0.20,0.04,59420
8192,2,1000,1,50,1,0.08,0.21,0.03,59672
8192,2,1000,1,60,1,0.08,0.22,0.02,59408
8192,2,1000,1,70,1,0.09,0.21,0.03,59728
8192,2,1000,1,80,1,0.08,0.20,0.04,60504
8192,2,1000,1,90,1,0.08,0.13,0.02,50300
8192,2,1000,1,100,1,0.08,0.20,0.04,59600
8192,4,10,1,0,1,0.04,0.05,0.01,41880
8192,4,10,1,10,1,0.04,0.04,0.02,41480
8192,4,10,1,20,1,0.04,0.04,0.02,41416
8192,4,10,1,30,1,0.04,0.04,0.02,41456
8192,4,10,1,40,1,0.04,0.04,0.02,41616
8192,4,10,1,50,1,0.04,0.05,0.02,41556
8192,4,10,1,60,1,0.04,0.04,0.02,41484
8192,4,10,1,70,1,0.04,0.04,0.02,42036
8192,4,10,1,80,1,0.04,0.05,0.01,41632
8192,4,10,1,90,1,0.04,0.04,0.02,40832
8192,4,10,1,100,1,0.04,0.04,0.02,41604
8192,4,20,1,0,1,0.04,0.04,0.02,42020
8192,4,20,1,10,1,0.04,0.04,0.02,41856
8192,4,20,1,20,1,0.04,0.05,0.02,41832
8192,4,20,1,30,1,0.04,0.04,0.02,41752
8192,4,20,1,40,1,0.05,0.05,0.02,42112
8192,4,20,1,50,1,0.04,0.05,0.01,41688
8192,4,20,1,60,1,0.04,0.04,0.02,41864
8192,4,20,1,70,1,0.04,0.04,0.02,41588
8192,4,20,1,80,1,0.04,0.04,0.02,41276
8192,4,20,1,90,1,0.04,0.05,0.01,41164
8192,4,20,1,100,1,0.04,0.05,0.01,41576
8192,4,30,1,0,1,0.04,0.06,0.01,42132
8192,4,30,1,10,1,0.04,0.05,0.02,42012
8192,4,30,1,20,1,0.04,0.05,0.01,41484
8192,4,30,1,30,1,0.05,0.05,0.02,41972
8192,4,30,1,40,1,0.04,0.06,0.01,41668
8192,4,30,1,50,1,0.05,0.05,0.02,41996
8192,4,30,1,60,1,0.04,0.05,0.02,41920
8192,4,30,1,70,1,0.04,0.05,0.02,41992
8192,4,30,1,80,1,0.04,0.06,0.01,42000
8192,4,30,1,90,1,0.05,0.06,0.01,41808
8192,4,30,1,100,1,0.04,0.05,0.02,41820
8192,4,40,1,0,1,0.04,0.05,0.02,42048
8192,4,40,1,10,1,0.04,0.05,0.02,42052
8192,4,40,1,20,1,0.04,0.05,0.02,42032
8192,4,40,1,30,1,0.04,0.05,0.02,41864
8192,4,40,1,40,1,0.04,0.05,0.02,42220
8192,4,40,1,50,1,0.04,0.05,0.02,41936
8192,4,40,1,60,1,0.04,0.05,0.02,42036
8192,4,40,1,70,1,0.04,0.05,0.02,42120
8192,4,40,1,80,1,0.04,0.05,0.02,41988
8192,4,40,1,90,1,0.04,0.06,0.02,42576
8192,4,40,1,100,1,0.04,0.05,0.02,41972
8192,4,50,1,0,1,0.04,0.06,0.02,42216
8192,4,50,1,10,1,0.04,0.06,0.02,42008
8192,4,50,1,20,1,0.04,0.05,0.02,42148
8192,4,50,1,30,1,0.04,0.05,0.02,42184
8192,4,50,1,40,1,0.04,0.05,0.02,42116
8192,4,50,1,50,1,0.04,0.06,0.02,42168
8192,4,50,1,60,1,0.04,0.06,0.02,42244
8192,4,50,1,70,1,0.04,0.05,0.02,42432
8192,4,50,1,80,1,0.04,0.06,0.02,42048
8192,4,50,1,90,1,0.04,0.05,0.03,42356
8192,4,50,1,100,1,0.04,0.06,0.01,42176
8192,4,60,1,0,1,0.04,0.05,0.03,42588
8192,4,60,1,10,1,0.05,0.06,0.02,42592
8192,4,60,1,20,1,0.04,0.06,0.02,42368
8192,4,60,1,30,1,0.05,0.06,0.02,42356
8192,4,60,1,40,1,0.04,0.06,0.02,42396
8192,4,60,1,50,1,0.04,0.06,0.01,42340
8192,4,60,1,60,1,0.05,0.06,0.02,42368
8192,4,60,1,70,1,0.04,0.05,0.02,42104
8192,4,60,1,80,1,0.05,0.06,0.02,42220
8192,4,60,1,90,1,0.04,0.06,0.02,42232
8192,4,60,1,100,1,0.04,0.06,0.02,42668
8192,4,100,1,0,1,0.05,0.06,0.02,43200
8192,4,100,1,10,1,0.05,0.07,0.02,43244
8192,4,100,1,20,1,0.05,0.07,0.02,43188
8192,4,100,1,30,1,0.05,0.06,0.02,43564
8192,4,100,1,40,1,0.05,0.06,0.02,43024
8192,4,100,1,50,1,0.05,0.06,0.02,43592
8192,4,100,1,60,1,0.05,0.06,0.02,43340
8192,4,100,1,70,1,0.05,0.06,0.02,43116
8192,4,100,1,80,1,0.05,0.06,0.02,42924
8192,4,100,1,90,1,0.05,0.06,0.02,43520
8192,4,100,1,100,1,0.05,0.06,0.02,43332
8192,4,1000,1,0,1,0.08,0.16,0.03,54756
8192,4,1000,1,10,1,0.08,0.14,0.03,54168
8192,4,1000,1,20,1,0.08,0.16,0.04,57708
8192,4,1000,1,30,1,0.08,0.16,0.03,57436
8192,4,1000,1,40,1,0.08,0.17,0.03,56556
8192,4,1000,1,50,1,0.08,0.18,0.03,57288
8192,4,1000,1,60,1,0.08,0.16,0.04,55492
8192,4,1000,1,70,1,0.07,0.16,0.03,55860
8192,4,1000,1,80,1,0.08,0.17,0.02,56372
8192,4,1000,1,90,1,0.08,0.16,0.03,57188
8192,4,1000,1,100,1,0.08,0.16,0.03,57044
8192,8,10,1,0,1,0.04,0.04,0.02,41784
8192,8,10,1,10,1,0.04,0.04,0.02,41992
8192,8,10,1,20,1,0.04,0.04,0.02,41996
8192,8,10,1,30,1,0.04,0.03,0.02,41844
8192,8,10,1,40,1,0.04,0.04,0.02,41572
8192,8,10,1,50,1,0.04,0.04,0.02,41832
8192,8,10,1,60,1,0.04,0.04,0.02,41632
8192,8,10,1,70,1,0.04,0.04,0.01,41584
8192,8,10,1,80,1,0.04,0.04,0.02,41348
8192,8,10,1,90,1,0.04,0.04,0.01,41556
8192,8,10,1,100,1,0.04,0.04,0.02,41640
8192,8,20,1,0,1,0.04,0.05,0.02,41484
8192,8,20,1,10,1,0.04,0.05,0.02,41892
8192,8,20,1,20,1,0.05,0.05,0.02,41556
8192,8,20,1,30,1,0.04,0.05,0.02,41868
8192,8,20,1,40,1,0.05,0.04,0.02,41620
8192,8,20,1,50,1,0.04,0.04,0.02,41720
8192,8,20,1,60,1,0.05,0.04,0.02,41776
8192,8,20,1,70,1,0.04,0.04,0.02,41816
8192,8,20,1,80,1,0.04,0.04,0.02,41924
8192,8,20,1,90,1,0.04,0.04,0.02,41916
8192,8,20,1,100,1,0.04,0.05,0.02,41860
8192,8,30,1,0,1,0.04,0.05,0.02,41724
8192,8,30,1,10,1,0.05,0.05,0.02,41920
8192,8,30,1,20,1,0.04,0.05,0.02,41988
8192,8,30,1,30,1,0.05,0.06,0.01,42312
8192,8,30,1,40,1,0.04,0.05,0.02,42184
8192,8,30,1,50,1,0.05,0.06,0.01,41868
8192,8,30,1,60,1,0.05,0.05,0.02,42192
8192,8,30,1,70,1,0.05,0.06,0.01,41896
8192,8,30,1,80,1,0.05,0.05,0.02,41920
8192,8,30,1,90,1,0.05,0.05,0.02,41960
8192,8,30,1,100,1,0.05,0.05,0.02,42032
8192,8,40,1,0,1,0.04,0.05,0.02,42168
8192,8,40,1,10,1,0.04,0.05,0.02,42308
8192,8,40,1,20,1,0.04,0.05,0.02,42136
8192,8,40,1,30,1,0.04,0.05,0.02,42256
8192,8,40,1,40,1,0.04,0.05,0.02,42204
8192,8,40,1,50,1,0.04,0.05,0.02,41804
8192,8,40,1,60,1,0.04,0.05,0.02,42036
8192,8,40,1,70,1,0.04,0.06,0.01,42328
8192,8,40,1,80,1,0.04,0.05,0.02,42116
8192,8,40,1,90,1,0.04,0.05,0.02,42348
8192,8,40,1,100,1,0.04,0.05,0.02,41860
8192,8,50,1,0,1,0.05,0.05,0.02,42052
8192,8,50,1,10,1,0.05,0.06,0.02,42400
8192,8,50,1,20,1,0.05,0.05,0.02,42192
8192,8,50,1,30,1,0.05,0.06,0.01,42044
8192,8,50,1,40,1,0.05,0.06,0.02,42448
8192,8,50,1,50,1,0.05,0.06,0.01,42112
8192,8,50,1,60,1,0.05,0.05,0.02,42300
8192,8,50,1,70,1,0.05,0.06,0.02,42468
8192,8,50,1,80,1,0.05,0.06,0.02,42136
8192,8,50,1,90,1,0.05,0.06,0.02,42312
8192,8,50,1,100,1,0.05,0.05,0.02,42172
8192,8,60,1,0,1,0.04,0.06,0.02,42560
8192,8,60,1,10,1,0.04,0.06,0.02,42436
8192,8,60,1,20,1,0.05,0.06,0.02,42540
8192,8,60,1,30,1,0.05,0.05,0.02,42360
8192,8,60,1,40,1,0.05,0.06,0.02,42536
8192,8,60,1,50,1,0.05,0.05,0.02,42576
8192,8,60,1,60,1,0.04,0.06,0.01,42384
8192,8,60,1,70,1,0.04,0.05,0.02,42256
8192,8,60,1,80,1,0.05,0.06,0.01,42064
8192,8,60,1,90,1,0.04,0.05,0.02,42244
8192,8,60,1,100,1,0.04,0.06,0.02,42124
8192,8,100,1,0,1,0.04,0.07,0.02,43332
8192,8,100,1,10,1,0.05,0.06,0.03,43912
8192,8,100,1,20,1,0.05,0.07,0.01,43456
8192,8,100,1,30,1,0.05,0.07,0.01,43056
8192,8,100,1,40,1,0.04,0.06,0.02,43180
8192,8,100,1,50,1,0.04,0.07,0.02,43524
8192,8,100,1,60,1,0.06,0.07,0.02,43504
8192,8,100,1,70,1,0.05,0.06,0.02,43256
8192,8,100,1,80,1,0.05,0.06,0.02,43496
8192,8,100,1,90,1,0.04,0.06,0.02,43676
8192,8,100,1,100,1,0.04,0.07,0.02,43340
8192,8,1000,1,0,1,0.06,0.10,0.02,45464
8192,8,1000,1,10,1,0.07,0.10,0.02,46012
8192,8,1000,1,20,1,0.07,0.10,0.03,46464
8192,8,1000,1,30,1,0.06,0.10,0.03,45832
8192,8,1000,1,40,1,0.07,0.10,0.03,45844
8192,8,1000,1,50,1,0.06,0.09,0.03,45956
8192,8,1000,1,60,1,0.06,0.10,0.02,45336
8192,8,1000,1,70,1,0.06,0.10,0.02,45832
8192,8,1000,1,80,1,0.06,0.10,0.02,45804
8192,8,1000,1,90,1,0.06,0.11,0.02,45628
8192,8,1000,1,100,1,0.06,0.10,0.02,45876
8192,16,10,1,0,1,0.04,0.04,0.02,41712
8192,16,10,1,10,1,0.04,0.04,0.02,41616
8192,16,10,1,20,1,0.04,0.04,0.02,41524
8192,16,10,1,30,1,0.04,0.05,0.01,41748
8192,16,10,1,40,1,0.04,0.04,0.02,41724
8192,16,10,1,50,1,0.04,0.04,0.02,41616
8192,16,10,1,60,1,0.04,0.05,0.01,41436
8192,16,10,1,70,1,0.04,0.04,0.02,41324
8192,16,10,1,80,1,0.04,0.04,0.02,41908
8192,16,10,1,90,1,0.04,0.05,0.01,41836
8192,16,10,1,100,1,0.04,0.04,0.02,42124
8192,16,20,1,0,1,0.04,0.04,0.02,41672
8192,16,20,1,10,1,0.04,0.04,0.02,41792
8192,16,20,1,20,1,0.04,0.05,0.02,41708
8192,16,20,1,30,1,0.04,0.05,0.01,41664
8192,16,20,1,40,1,0.04,0.04,0.02,41788
8192,16,20,1,50,1,0.04,0.04,0.02,41716
8192,16,20,1,60,1,0.04,0.04,0.02,41644
8192,16,20,1,70,1,0.04,0.05,0.01,41612
8192,16,20,1,80,1,0.04,0.05,0.02,41852
8192,16,20,1,90,1,0.04,0.04,0.02,41552
8192,16,20,1,100,1,0.05,0.05,0.02,41532
8192,16,30,1,0,1,0.04,0.05,0.02,41612
8192,16,30,1,10,1,0.05,0.05,0.02,42000
8192,16,30,1,20,1,0.04,0.04,0.03,41824
8192,16,30,1,30,1,0.04,0.05,0.02,41728
8192,16,30,1,40,1,0.04,0.05,0.02,42084
8192,16,30,1,50,1,0.04,0.04,0.02,41388
8192,16,30,1,60,1,0.04,0.05,0.02,42072
8192,16,30,1,70,1,0.04,0.05,0.02,41924
8192,16,30,1,80,1,0.04,0.05,0.02,41812
8192,16,30,1,90,1,0.04,0.05,0.02,42316
8192,16,30,1,100,1,0.05,0.05,0.02,41904
8192,16,40,1,0,1,0.04,0.05,0.02,41980
8192,16,40,1,10,1,0.04,0.06,0.01,41796
8192,16,40,1,20,1,0.04,0.05,0.02,42568
8192,16,40,1,30,1,0.04,0.06,0.02,42388
8192,16,40,1,40,1,0.04,0.05,0.02,42460
8192,16,40,1,50,1,0.04,0.05,0.02,42012
8192,16,40,1,60,1,0.04,0.06,0.02,42376
8192,16,40,1,70,1,0.04,0.06,0.01,41920
8192,16,40,1,80,1,0.05,0.06,0.02,41956
8192,16,40,1,90,1,0.04,0.05,0.02,42152
8192,16,40,1,100,1,0.04,0.05,0.02,42048
8192,16,50,1,0,1,0.04,0.06,0.02,42568
8192,16,50,1,10,1,0.04,0.06,0.01,42112
8192,16,50,1,20,1,0.04,0.05,0.02,41692
8192,16,50,1,30,1,0.04,0.05,0.02,41708
8192,16,50,1,40,1,0.04,0.05,0.02,42300
8192,16,50,1,50,1,0.04,0.05,0.02,42348
8192,16,50,1,60,1,0.04,0.06,0.02,42188
8192,16,50,1,70,1,0.04,0.05,0.02,42092
8192,16,50,1,80,1,0.04,0.05,0.03,42044
8192,16,50,1,90,1,0.04,0.05,0.02,42020
8192,16,50,1,100,1,0.04,0.05,0.02,42312
8192,16,60,1,0,1,0.04,0.06,0.02,42688
8192,16,60,1,10,1,0.04,0.06,0.02,42380
8192,16,60,1,20,1,0.05,0.06,0.02,42340
8192,16,60,1,30,1,0.04,0.06,0.02,41892
8192,16,60,1,40,1,0.04,0.06,0.01,42240
8192,16,60,1,50,1,0.05,0.06,0.02,42272
8192,16,60,1,60,1,0.04,0.06,0.02,42288
8192,16,60,1,70,1,0.05,0.06,0.02,42004
8192,16,60,1,80,1,0.04,0.06,0.01,42644
8192,16,60,1,90,1,0.05,0.06,0.02,42316
8192,16,60,1,100,1,0.04,0.06,0.02,42140
8192,16,100,1,0,1,0.05,0.07,0.02,43504
8192,16,100,1,10,1,0.04,0.07,0.02,43384
8192,16,100,1,20,1,0.04,0.06,0.02,43396
8192,16,100,1,30,1,0.05,0.07,0.02,43468
8192,16,100,1,40,1,0.04,0.07,0.02,43932
8192,16,100,1,50,1,0.05,0.06,0.03,43816
8192,16,100,1,60,1,0.04,0.06,0.02,42992
8192,16,100,1,70,1,0.05,0.07,0.02,43388
8192,16,100,1,80,1,0.04,0.07,0.02,44060
8192,16,100,1,90,1,0.06,0.07,0.02,43548
8192,16,100,1,100,1,0.04,0.06,0.02,43516
8192,16,1000,1,0,1,0.06,0.09,0.02,45052
8192,16,1000,1,10,1,0.06,0.09,0.02,44604
8192,16,1000,1,20,1,0.06,0.09,0.02,44552
8192,16,1000,1,30,1,0.06,0.09,0.02,45160
8192,16,1000,1,40,1,0.06,0.09,0.02,44888
8192,16,1000,1,50,1,0.06,0.09,0.02,44932
8192,16,1000,1,60,1,0.06,0.08,0.03,44440
8192,16,1000,1,70,1,0.06,0.09,0.02,44832
8192,16,1000,1,80,1,0.06,0.09,0.02,44848
8192,16,1000,1,90,1,0.06,0.10,0.02,44688
8192,16,1000,1,100,1,0.05,0.08,0.02,44432
8192,32,10,1,0,1,0.04,0.04,0.01,41980
8192,32,10,1,10,1,0.04,0.04,0.02,41876
8192,32,10,1,20,1,0.04,0.05,0.01,41484
8192,32,10,1,30,1,0.04,0.04,0.02,41608
8192,32,10,1,40,1,0.04,0.04,0.02,41988
8192,32,10,1,50,1,0.04,0.04,0.02,41796
8192,32,10,1,60,1,0.04,0.04,0.02,41532
8192,32,10,1,70,1,0.04,0.05,0.01,41712
8192,32,10,1,80,1,0.04,0.04,0.02,41672
8192,32,10,1,90,1,0.04,0.04,0.02,41600
8192,32,10,1,100,1,0.04,0.05,0.01,41480
8192,32,20,1,0,1,0.05,0.05,0.01,41800
8192,32,20,1,10,1,0.05,0.05,0.01,41544
8192,32,20,1,20,1,0.05,0.04,0.02,41640
8192,32,20,1,30,1,0.05,0.05,0.01,41832
8192,32,20,1,40,1,0.05,0.04,0.02,41728
8192,32,20,1,50,1,0.04,0.05,0.01,41568
8192,32,20,1,60,1,0.05,0.04,0.03,42156
8192,32,20,1,70,1,0.05,0.04,0.02,41864
8192,32,20,1,80,1,0.05,0.04,0.02,41740
8192,32,20,1,90,1,0.05,0.05,0.02,41420
8192,32,20,1,100,1,0.05,0.04,0.02,41684
8192,32,30,1,0,1,0.04,0.05,0.02,41776
8192,32,30,1,10,1,0.05,0.05,0.01,42048
8192,32,30,1,20,1,0.04,0.06,0.01,42200
8192,32,30,1,30,1,0.04,0.05,0.02,41948
8192,32,30,1,40,1,0.04,0.05,0.02,42124
8192,32,30,1,50,1,0.05,0.06,0.01,42140
8192,32,30,1,60,1,0.05,0.05,0.02,41624
8192,32,30,1,70,1,0.04,0.05,0.02,41976
8192,32,30,1,80,1,0.05,0.05,0.01,41604
8192,32,30,1,90,1,0.04,0.05,0.02,42060
8192,32,30,1,100,1,0.04,0.05,0.02,41928
8192,32,40,1,0,1,0.04,0.05,0.02,41852
8192,32,40,1,10,1,0.04,0.05,0.02,42444
8192,32,40,1,20,1,0.04,0.05,0.02,42032
8192,32,40,1,30,1,0.04,0.05,0.02,42276
8192,32,40,1,40,1,0.04,0.06,0.01,42476
8192,32,40,1,50,1,0.04,0.06,0.02,42000
8192,32,40,1,60,1,0.04,0.06,0.01,42276
8192,32,40,1,70,1,0.04,0.06,0.02,41968
8192,32,40,1,80,1,0.04,0.05,0.02,41480
8192,32,40,1,90,1,0.04,0.05,0.02,41976
8192,32,40,1,100,1,0.04,0.05,0.02,41976
8192,32,50,1,0,1,0.04,0.05,0.02,42096
8192,32,50,1,10,1,0.04,0.06,0.01,42180
8192,32,50,1,20,1,0.04,0.06,0.02,41896
8192,32,50,1,30,1,0.04,0.05,0.02,42276
8192,32,50,1,40,1,0.04,0.05,0.02,41604
8192,32,50,1,50,1,0.04,0.06,0.01,42188
8192,32,50,1,60,1,0.04,0.06,0.02,41696
8192,32,50,1,70,1,0.04,0.05,0.02,42204
8192,32,50,1,80,1,0.04,0.05,0.02,42232
8192,32,50,1,90,1,0.04,0.05,0.02,42404
8192,32,50,1,100,1,0.04,0.05,0.02,42368
8192,32,60,1,0,1,0.04,0.06,0.02,41844
8192,32,60,1,10,1,0.04,0.06,0.02,42512
8192,32,60,1,20,1,0.05,0.06,0.01,42188
8192,32,60,1,30,1,0.04,0.06,0.02,41936
8192,32,60,1,40,1,0.04,0.06,0.02,41812
8192,32,60,1,50,1,0.04,0.06,0.02,42032
8192,32,60,1,60,1,0.04,0.06,0.01,42260
8192,32,60,1,70,1,0.04,0.05,0.02,42232
8192,32,60,1,80,1,0.04,0.06,0.02,42028
8192,32,60,1,90,1,0.05,0.06,0.02,41928
8192,32,60,1,100,1,0.04,0.06,0.02,42292
8192,32,100,1,0,1,0.05,0.07,0.02,43876
8192,32,100,1,10,1,0.05,0.06,0.02,43840
8192,32,100,1,20,1,0.05,0.06,0.02,43828
8192,32,100,1,30,1,0.05,0.06,0.02,42936
8192,32,100,1,40,1,0.05,0.06,0.02,42796
8192,32,100,1,50,1,0.05,0.06,0.02,43904
8192,32,100,1,60,1,0.05,0.06,0.02,43884
8192,32,100,1,70,1,0.04,0.05,0.03,43220
8192,32,100,1,80,1,0.05,0.06,0.02,43084
8192,32,100,1,90,1,0.05,0.06,0.02,43044
8192,32,100,1,100,1,0.05,0.07,0.01,42872
8192,32,1000,1,0,1,0.06,0.08,0.02,43760
8192,32,1000,1,10,1,0.06,0.07,0.02,43404
8192,32,1000,1,20,1,0.06,0.08,0.02,44100
8192,32,1000,1,30,1,0.06,0.08,0.02,43776
8192,32,1000,1,40,1,0.06,0.08,0.02,44320
8192,32,1000,1,50,1,0.06,0.08,0.02,44020
8192,32,1000,1,60,1,0.06,0.08,0.01,43860
8192,32,1000,1,70,1,0.06,0.07,0.02,43988
8192,32,1000,1,80,1,0.06,0.07,0.02,44828
8192,32,1000,1,90,1,0.06,0.08,0.02,44412
8192,32,1000,1,100,1,0.06,0.08,0.02,44464
8192,64,10,1,0,1,0.04,0.04,0.02,41544
8192,64,10,1,10,1,0.03,0.04,0.02,41764
8192,64,10,1,20,1,0.04,0.04,0.01,41636
8192,64,10,1,30,1,0.04,0.04,0.02,41660
8192,64,10,1,40,1,0.05,0.04,0.02,41928
8192,64,10,1,50,1,0.04,0.04,0.01,41748
8192,64,10,1,60,1,0.04,0.04,0.02,41596
8192,64,10,1,70,1,0.05,0.04,0.01,41776
8192,64,10,1,80,1,0.04,0.04,0.02,41280
8192,64,10,1,90,1,0.04,0.04,0.01,41556
8192,64,10,1,100,1,0.04,0.04,0.02,41876
8192,64,20,1,0,1,0.04,0.04,0.02,41992
8192,64,20,1,10,1,0.04,0.04,0.02,41532
8192,64,20,1,20,1,0.04,0.04,0.02,41676
8192,64,20,1,30,1,0.04,0.04,0.02,41764
8192,64,20,1,40,1,0.05,0.05,0.01,41844
8192,64,20,1,50,1,0.04,0.04,0.02,41640
8192,64,20,1,60,1,0.04,0.04,0.02,41788
8192,64,20,1,70,1,0.04,0.04,0.02,41268
8192,64,20,1,80,1,0.04,0.04,0.02,41948
8192,64,20,1,90,1,0.05,0.04,0.02,41612
8192,64,20,1,100,1,0.04,0.05,0.01,41412
8192,64,30,1,0,1,0.04,0.04,0.02,41608
8192,64,30,1,10,1,0.04,0.05,0.02,42048
8192,64,30,1,20,1,0.04,0.05,0.02,42252
8192,64,30,1,30,1,0.04,0.05,0.02,42200
8192,64,30,1,40,1,0.04,0.05,0.02,42100
8192,64,30,1,50,1,0.04,0.05,0.01,42060
8192,64,30,1,60,1,0.05,0.06,0.02,42056
8192,64,30,1,70,1,0.04,0.05,0.02,42304
8192,64,30,1,80,1,0.04,0.05,0.02,42204
8192,64,30,1,90,1,0.04,0.05,0.02,42172
8192,64,30,1,100,1,0.04,0.05,0.01,41828
8192,64,40,1,0,1,0.04,0.05,0.02,41808
8192,64,40,1,10,1,0.04,0.06,0.01,42104
8192,64,40,1,20,1,0.04,0.06,0.02,42100
8192,64,40,1,30,1,0.04,0.05,0.02,42300
8192,64,40,1,40,1,0.04,0.05,0.02,41652
8192,64,40,1,50,1,0.04,0.05,0.02,42376
8192,64,40,1,60,1,0.04,0.06,0.01,41860
8192,64,40,1,70,1,0.04,0.06,0.01,42016
8192,64,40,1,80,1,0.04,0.05,0.02,41904
8192,64,40,1,90,1,0.04,0.05,0.02,41896
8192,64,40,1,100,1,0.04,0.05,0.02,42096
8192,64,50,1,0,1,0.04,0.05,0.02,42220
8192,64,50,1,10,1,0.04,0.05,0.02,42048
8192,64,50,1,20,1,0.04,0.05,0.02,42036
8192,64,50,1,30,1,0.04,0.05,0.02,42232
8192,64,50,1,40,1,0.04,0.05,0.02,42204
8192,64,50,1,50,1,0.04,0.05,0.02,42028
8192,64,50,1,60,1,0.04,0.06,0.01,41696
8192,64,50,1,70,1,0.04,0.05,0.02,41920
8192,64,50,1,80,1,0.04,0.05,0.02,42168
8192,64,50,1,90,1,0.04,0.05,0.02,42076
8192,64,50,1,100,1,0.04,0.06,0.02,42080
8192,64,60,1,0,1,0.04,0.04,0.03,42112
8192,64,60,1,10,1,0.04,0.06,0.02,42240
8192,64,60,1,20,1,0.04,0.06,0.01,42052
8192,64,60,1,30,1,0.04,0.05,0.02,42312
8192,64,60,1,40,1,0.04,0.05,0.02,41964
8192,64,60,1,50,1,0.04,0.05,0.02,42112
8192,64,60,1,60,1,0.04,0.05,0.02,41980
8192,64,60,1,70,1,0.04,0.06,0.01,42240
8192,64,60,1,80,1,0.04,0.05,0.02,42172
8192,64,60,1,90,1,0.04,0.05,0.02,41996
8192,64,60,1,100,1,0.04,0.05,0.02,42296
8192,64,100,1,0,1,0.04,0.05,0.02,42200
8192,64,100,1,10,1,0.04,0.05,0.02,42108
8192,64,100,1,20,1,0.04,0.05,0.02,42284
8192,64,100,1,30,1,0.04,0.05,0.02,41780
8192,64,100,1,40,1,0.04,0.05,0.02,42376
8192,64,100,1,50,1,0.04,0.05,0.02,42120
8192,64,100,1,60,1,0.04,0.06,0.01,42252
8192,64,100,1,70,1,0.04,0.06,0.02,42368
8192,64,100,1,80,1,0.04,0.06,0.01,42264
8192,64,100,1,90,1,0.04,0.05,0.02,42156
8192,64,100,1,100,1,0.04,0.05,0.02,41904
8192,64,1000,1,0,1,0.04,0.06,0.02,42664
8192,64,1000,1,10,1,0.04,0.06,0.02,42880
8192,64,1000,1,20,1,0.04,0.06,0.02,42172
8192,64,1000,1,30,1,0.04,0.07,0.01,42584
8192,64,1000,1,40,1,0.04,0.06,0.02,42476
8192,64,1000,1,50,1,0.04,0.07,0.02,44264
8192,64,1000,1,60,1,0.04,0.06,0.02,42232
8192,64,1000,1,70,1,0.04,0.07,0.02,42584
8192,64,1000,1,80,1,0.04,0.07,0.02,42484
8192,64,1000,1,90,1,0.04,0.07,0.01,42592
8192,64,1000,1,100,1,0.04,0.07,0.02,42392
